,citations,country,female/male,income,inter_stud,international,research,student/staff,students,teaching,total_score,university_name,world_rank,year
1712,99.8,United States of America,0.49,97.8,27,64.0,97.6,6.9,2.243,95.6,95.2,California Institute of Technology,1,2016
1713,98.8,United Kingdom,0.85,73.1,34,94.4,98.9,11.6,19.919,86.5,94.2,University of Oxford,2,2016
1714,99.9,United States of America,0.72,63.3,22,76.3,96.2,7.8,15.596,92.5,93.9,Stanford University,3,2016
1715,97.0,United Kingdom,0.85,55.0,34,91.5,96.7,11.8,18.812,88.2,92.8,University of Cambridge,4,2016
1716,99.7,United States of America,0.59,95.4,33,84.0,88.6,9.0,11.074,89.4,92.0,Massachusetts Institute of Technology,5,2016
1717,99.8,United States of America,1.0,45.2,25,77.2,99.0,8.9,20.152,83.6,91.6,Harvard University,6,2016
1718,99.3,United States of America,0.8200000000000001,52.1,27,78.5,91.9,8.4,7.929,85.1,90.1,Princeton University,7,2016
1719,96.7,United Kingdom,0.59,53.7,51,96.0,88.5,11.7,15.06,83.3,89.1,Imperial College London,8,2016
1720,91.1,Switzerland,0.45,80.0,37,97.9,95.0,14.7,18.178,77.0,88.3,ETH Zurich – Swiss Federal Institute of Technology Zurich,9,2016
1721,99.2,United States of America,0.72,36.6,21,65.0,88.9,6.9,14.221,85.7,87.9,University of Chicago,10,2016
1722,98.2,United States of America,1.0,100.0,23,70.0,90.4,3.6,15.128,77.6,87.6,Johns Hopkins University,11,2016
1723,97.2,United States of America,1.0,43.3,20,64.3,87.8,4.4,11.751,86.5,87.4,Yale University,12,2016
1724,99.7,United States of America,1.0,47.9,15,61.9,91.1,16.4,36.186,80.4,87.2,University of California Berkeley,13,2016
1725,94.2,United Kingdom,1.27,40.5,46,94.4,91.0,10.7,26.607,78.1,87.1,University College London,14,2016
1726,98.1,United States of America,1.0,39.0,28,73.5,82.2,5.9,25.055,85.9,86.1,Columbia University,15,2016
1727,98.5,United States of America,1.08,47.9,15,56.4,88.6,10.3,38.206,80.8,85.8,University of California Los Angeles,16,2016
1728,98.6,United States of America,1.04,47.9,20,49.5,86.9,6.5,20.376,82.0,85.2,University of Pennsylvania,17,2016
1729,97.2,United States of America,0.92,33.7,19,63.9,86.1,10.2,21.424,77.9,84.0,Cornell University,18,2016
1730,90.9,Canada,1.0,49.1,15,77.8,89.3,19.5,66.198,75.9,83.9,University of Toronto,19,2016
1731,99.0,United States of America,0.96,100.0,17,56.5,78.0,4.8,15.172,76.0,82.7,Duke University,20,2016
1732,94.4,United States of America,0.92,56.3,16,53.7,85.2,9.0,41.786,76.8,82.4,University of Michigan,21,2016
1733,99.1,United States of America,0.64,57.5,35,57.1,88.8,13.1,11.885,67.4,82.3,Carnegie Mellon University,22,2016
1734,96.3,United Kingdom,1.38,36.1,36,89.8,77.2,14.1,25.774,68.6,80.3,University of Edinburgh,23,2016
1735,96.5,United States of America,0.92,81.2,15,53.9,78.4,13.8,18.334,69.8,79.5,Northwestern University,24,2016
1736,79.4,Singapore,0.96,49.8,34,96.2,84.5,15.5,31.592,71.7,79.2,National University of Singapore,25,2016
1737,93.8,United Kingdom,1.56,40.1,37,93.8,75.8,11.4,21.394,64.5,78.2,King’s College London,26,2016
1738,92.2,Sweden,2.33,75.8,22,73.1,81.1,11.5,7.774,60.6,77.5,Karolinska Institute,27,2016
1739,85.7,Germany,1.63,100.0,13,62.8,77.4,15.5,35.691,70.5,77.3,LMU Munich,28,2016
1740,95.3,United States of America,1.22,30.4,19,49.3,72.3,6.8,42.056,74.7,77.2,New York University,29,2016
1741,94.6,Switzerland,0.37,65.4,54,98.6,67.5,10.5,9.666,61.3,76.1,École Polytechnique Fédérale de Lausanne,30,2016
1742,98.6,United States of America,1.13,43.1,13,51.2,70.0,11.8,44.02,67.1,75.6,University of Washington,31,2016
1743,86.6,Australia,1.22,64.6,35,87.1,75.5,23.7,40.128,62.0,75.4,University of Melbourne,32,2016
1744,91.5,Canada,1.17,42.6,25,90.5,73.2,17.6,50.152,60.2,75.3,University of British Columbia,33,2016
1745,87.3,Belgium,1.17,100.0,18,68.6,76.9,41.9,42.503,59.9,74.8,KU Leuven,34,2016
1746,86.8,United States of America,0.89,52.8,20,45.8,81.2,18.7,42.727,64.5,74.5,University of Illinois at Urbana-Champaign,35,2016
1747,88.2,Germany,1.22,68.2,17,62.8,69.6,24.5,28.881,68.8,74.4,Heidelberg University,36,2016
1748,78.9,Canada,1.27,40.3,23,85.5,72.1,13.7,31.326,66.1,72.6,McGill University,37,2016
1749,99.2,United States of America,1.08,90.4,11,61.5,66.0,27.3,22.02,52.6,72.2,University of California Santa Barbara,38,2016
1750,98.7,United States of America,0.92,56.7,11,42.9,69.8,6.5,27.233,56.9,72.2,University of California San Diego,39,2016
1751,86.0,United States of America,0.45,73.7,26,71.5,72.7,20.1,19.967,57.8,72.1,Georgia Institute of Technology,40,2016
1752,69.1,China,1.0,100.0,14,49.2,72.4,8.3,40.148,77.8,72.0,Peking University,41,2016
1753,60.9,Japan,1.0,50.8,10,30.3,83.0,5.7,26.199,81.4,71.1,University of Tokyo,42,2016
1754,70.1,Hong Kong,1.13,53.7,38,99.5,72.8,17.6,19.835,64.6,71.0,University of Hong Kong,43,2016
1755,84.3,United States of America,1.17,57.3,13,58.4,72.7,13.9,35.364,60.1,71.0,University of California Davis,44,2016
1756,92.2,United States of America,1.04,63.1,9,31.7,69.7,17.4,49.427,59.3,70.3,University of Texas at Austin,45,2016
1757,87.8,Netherlands,1.27,100.0,21,70.3,66.9,17.0,9.248,52.6,70.0,Wageningen University and Research Center,46,2016
1758,58.8,China,0.47000000000000003,100.0,10,39.5,83.0,13.7,39.763,73.3,70.0,Tsinghua University,47,2016
1759,73.6,Germany,1.0,36.1,16,62.6,77.0,52.5,29.987,63.7,69.9,Humboldt University of Berlin,48,2016
1760,86.6,United States of America,1.04,48.5,11,33.0,68.2,10.8,39.655,65.1,69.7,University of Wisconsin-Madison,49,2016
1761,96.4,United States of America,1.0,31.4,19,57.8,55.7,10.1,8.653,62.8,69.6,Brown University,50,2016
1762,72.3,Australia,1.08,48.0,35,93.3,77.3,19.2,14.604,54.7,69.5,Australian National University,51,2016
1763,80.1,Germany,0.49,99.2,20,63.8,66.0,31.5,35.565,61.0,69.4,Technical University of Munich,52,2016
1764,87.1,France,0.85,37.1,20,85.5,47.7,7.9,2.4,70.6,69.0,École Normale Supérieure,53,2016
1765,85.6,Singapore,0.92,99.9,33,94.6,61.3,16.2,25.028,48.4,68.2,Nanyang Technological University,54,2016
1766,77.3,United Kingdom,1.08,42.0,34,87.0,66.0,15.3,34.938,58.4,68.1,University of Manchester,55,2016
1767,77.5,Australia,1.33,72.4,28,84.4,68.1,20.2,41.868,54.3,68.1,University of Sydney,56,2016
1768,87.4,Netherlands,1.13,62.8,11,66.5,64.7,14.4,24.57,52.2,67.8,University of Amsterdam,57,2016
1769,82.6,Hong Kong,1.0,68.1,36,80.5,66.1,23.8,11.385,49.4,67.2,Hong Kong University of Science and Technology,58,2016
1770,99.2,United States of America,1.0,33.5,17,44.9,55.6,5.7,12.528,54.3,67.0,Washington University in St Louis,59,2016
1771,82.4,Australia,1.13,76.7,27,89.3,62.8,32.7,34.718,49.2,67.0,The University of Queensland,60,2016
1772,88.1,Netherlands,1.44,89.1,7,55.8,64.3,15.4,30.779,48.1,66.6,Utrecht University,61,2016
1773,95.9,United States of America,1.38,39.4,8,39.0,54.5,7.3,26.518,58.0,66.4,University of North Carolina at Chapel Hill,62,2016
1774,97.7,United States of America,1.38,30.3,17,51.0,49.5,8.6,24.789,57.8,66.1,Boston University,63,2016
1775,61.5,Netherlands,0.35000000000000003,100.0,25,84.0,73.8,19.4,15.92,55.0,65.9,Delft University of Technology,64,2016
1776,88.0,United States of America,1.08,98.5,13,35.3,61.0,18.0,46.825,53.5,65.9,University of Minnesota,65,2016
1777,85.2,Netherlands,1.44,49.8,10,64.3,63.1,17.1,21.222,50.5,65.7,Leiden University,66,2016
1778,93.0,United States of America,1.08,38.0,20,56.3,58.9,12.9,36.534,49.3,65.5,University of Southern California,67,2016
1779,91.2,United Kingdom,1.13,40.0,25,82.4,51.6,14.0,17.906,47.6,64.3,University of Bristol,68,2016
1780,87.7,United Kingdom,1.17,34.4,24,86.4,51.9,15.7,15.489,47.9,63.6,Durham University,69,2016
1781,95.6,Netherlands,0.92,54.6,18,76.1,55.2,18.9,20.58,37.2,63.5,Erasmus University Rotterdam,70,2016
1782,60.2,Germany,1.38,35.1,20,69.2,72.2,39.3,33.062,57.9,63.2,Free University of Berlin,71,2016
1783,73.3,Australia,1.27,79.7,36,87.6,58.5,40.5,50.882,48.1,62.5,Monash University,72,2016
1784,84.0,Netherlands,1.08,92.4,12,63.9,56.9,25.6,24.556,43.3,62.4,University of Groningen,73,2016
1785,80.5,United States of America,0.85,56.2,12,40.8,61.9,12.4,44.501,50.4,62.3,Pennsylvania State University,74,2016
1786,92.3,United Kingdom,1.33,31.6,29,85.8,48.3,16.0,22.616,41.6,61.9,University of Glasgow,75,2016
1787,82.1,Finland,1.94,31.6,6,51.8,60.4,15.1,23.505,48.4,61.9,University of Helsinki,76,2016
1788,79.3,Germany,1.38,59.2,12,58.2,59.8,38.9,28.327,47.0,61.7,University of Tübingen,77,2016
1789,92.3,United States of America,1.04,39.3,10,33.9,50.3,5.8,26.485,50.6,61.5,University of Pittsburgh,78,2016
1790,78.2,United Kingdom,0.92,37.7,37,90.3,53.1,16.6,18.529,47.4,61.3,University of Warwick,79,2016
1791,80.9,Sweden,1.33,39.5,12,59.6,61.0,18.2,25.266,44.1,61.2,Uppsala University,80,2016
1792,86.2,Denmark,2.03,45.0,19,83.3,42.7,4.1,27.545,49.8,61.0,University of Copenhagen,81,2016
1793,82.1,Australia,0.89,50.0,33,89.5,53.9,25.9,38.309,40.7,61.0,University of New South Wales,82,2016
1794,80.5,Germany,1.08,100.0,16,60.3,51.1,31.2,26.467,47.4,60.7,University of Freiburg,83,2016
1795,50.0,South Korea,1.0,85.4,10,30.9,70.5,13.9,26.389,66.5,60.5,Seoul National University,84,2016
1796,78.8,United Kingdom,1.27,30.6,47,92.3,47.3,12.7,8.338,49.7,60.4,University of St Andrews,85,2016
1797,95.7,United States of America,1.08,63.2,10,29.1,44.2,3.6,12.161,47.8,60.1,Vanderbilt University,86,2016
1798,82.7,Netherlands,1.27,95.4,48,95.5,47.7,18.9,15.626,37.5,59.9,Maastricht University,87,2016
1799,46.6,Japan,1.0,79.0,7,26.1,69.3,5.6,22.809,70.6,59.9,Kyoto University,88,2016
1800,96.7,United States of America,1.27,48.9,18,51.0,37.1,4.5,12.338,48.3,59.7,Emory University,89,2016
1801,81.3,Sweden,1.0,70.4,15,74.1,53.6,11.5,28.251,39.7,59.7,Lund University,90,2016
1802,83.2,United States of America,0.96,53.1,12,53.0,46.6,13.4,51.462,51.6,59.7,Ohio State University,91,2016
1803,94.3,United Kingdom,1.17,31.9,28,87.3,40.0,18.8,17.755,39.4,59.5,University of Exeter,92,2016
1804,82.5,United States of America,1.13,80.7,14,52.7,39.3,8.5,15.408,54.4,58.8,Georgetown University,93,2016
1805,84.9,Canada,1.13,88.0,15,76.1,44.8,19.3,23.823,39.8,58.8,McMaster University,94,2016
1806,85.3,Germany,1.22,34.2,13,63.6,47.5,70.4,32.474,45.1,58.8,University of Bonn,95,2016
1807,80.1,United Kingdom,1.0,43.4,31,81.9,48.8,15.5,23.311,42.4,58.6,University of Sheffield,96,2016
1808,93.3,United Kingdom,1.08,36.8,40,93.5,41.3,14.0,14.26,34.1,58.5,Queen Mary University of London,97,2016
1809,72.7,Germany,1.04,31.8,12,56.4,54.5,25.6,25.581,49.3,58.0,University of Göttingen,98,2016
1810,76.8,United States of America,1.04,32.2,15,56.4,52.6,15.7,44.75,47.3,58.0,Michigan State University,99,2016
1811,64.7,France,0.22,82.3,30,92.8,44.6,4.8,2.429,53.5,57.9,École Polytechnique,100,2016
1812,99.7,United States of America,0.79,41.7,26,66.6,35.1,9.0,6.333,37.9,57.9,Rice University,101,2016
1813,88.3,Switzerland,1.17,99.9,24,94.7,33.1,17.3,12.551,39.5,57.9,University of Basel,102,2016
1814,93.3,United States of America,0.89,40.8,16,38.3,35.8,6.6,6.178,50.7,57.8,Dartmouth College,103,2016
1815,85.4,Switzerland,1.33,44.0,19,90.4,31.5,6.5,26.583,49.5,57.8,University of Zurich,104,2016
1816,86.9,Germany,1.22,85.3,15,64.6,47.7,85.8,11.761,34.5,57.7,University of Mannheim,105,2016
1817,79.8,Denmark,1.17,68.3,14,76.8,50.7,13.6,23.895,36.9,57.7,Aarhus University,106,2016
1818,91.6,United States of America,1.08,48.9,16,59.2,41.8,16.1,26.614,39.9,57.7,University of California Irvine,107,2016
1819,81.7,United States of America,0.79,33.7,10,47.6,48.1,13.8,11.829,47.6,57.6,University of Notre Dame,108,2016
1820,83.6,Australia,1.0,64.5,27,92.6,46.1,20.7,20.851,33.4,57.5,University of Western Australia,109,2016
1821,82.0,United Kingdom,1.13,37.5,29,88.4,43.6,13.5,20.925,39.8,57.2,University of Southampton,110,2016
1822,63.2,Germany,0.45,98.1,16,54.1,56.3,27.6,37.917,49.4,57.2,RWTH Aachen University,111,2016
1823,67.2,Italy,0.39,52.0,5,46.3,53.1,16.5,462.0,54.2,57.1,Scuola Normale Superiore di Pisa,112,2016
1824,82.9,France,0.92,37.4,18,74.1,32.7,8.7,27.862,52.8,57.0,Pierre and Marie Curie University,113,2016
1825,69.6,Canada,1.33,92.6,25,84.2,45.5,20.3,38.264,46.3,57.0,University of Montreal,114,2016
1826,63.2,United States of America,0.72,48.6,22,66.4,57.7,18.1,39.256,50.2,57.0,Purdue University,115,2016
1827,76.7,South Korea,0.25,100.0,4,33.7,47.1,10.1,3.055,49.1,56.9,Pohang University of Science and Technology,116,2016
1828,88.2,United States of America,0.92,32.3,9,43.5,42.1,8.4,31.331,45.0,56.7,University of Maryland College Park,117,2016
1829,71.2,Belgium,1.33,88.3,9,54.2,54.5,34.1,32.166,42.1,56.6,Ghent University,118,2016
1830,82.7,United Kingdom,1.17,34.7,23,82.0,41.8,16.4,25.295,39.4,56.2,University of Birmingham,119,2016
1831,76.6,Switzerland,1.17,82.9,14,83.7,42.5,22.5,14.708,40.0,56.1,University of Bern,120,2016
1832,85.6,South Africa,1.13,92.7,18,80.2,38.7,12.1,20.04,34.9,56.1,University of Cape Town,121,2016
1833,67.7,United States of America,1.17,13.7,9,33.3,56.8,18.7,50.095,51.8,56.1,University of Florida,122,2016
1834,75.2,Germany,0.96,99.4,9,47.0,39.7,53.9,36.146,51.7,56.0,University of Erlangen-Nuremberg,123,2016
1835,75.4,United States of America,1.04,35.9,8,34.7,55.7,17.3,37.032,43.9,56.0,Rutgers the State University of New Jersey,124,2016
1836,84.9,Netherlands,1.38,39.2,10,60.9,48.5,13.0,17.713,34.3,55.9,Radboud University Nijmegen,125,2016
1837,85.6,Germany,1.13,58.2,8,46.3,44.1,46.1,39.838,40.3,55.9,University of Münster,126,2016
1838,90.1,United States of America,1.17,60.7,14,49.4,33.3,10.0,10.41,45.2,55.8,Tufts University,127,2016
1839,96.4,United States of America,0.8200000000000001,35.7,8,36.6,37.6,16.1,29.325,39.7,55.8,University of Colorado Boulder,128,2016
1840,91.2,United Kingdom,1.33,34.4,37,92.7,33.2,15.9,8.747,35.1,55.7,Royal Holloway University of London,129,2016
1841,85.3,United Kingdom,1.08,33.6,33,87.0,41.4,14.9,11.512,34.0,55.6,Lancaster University,130,2016
1842,78.5,Switzerland,1.56,72.4,39,98.5,40.5,15.0,15.668,34.9,55.4,University of Geneva,131,2016
1843,92.0,United States of America,0.92,34.1,17,40.5,33.2,6.4,9.259,46.1,55.3,Case Western Reserve University,132,2016
1844,79.2,United Kingdom,1.38,36.7,21,77.4,39.0,14.7,27.703,43.7,55.3,University of Leeds,133,2016
1845,75.5,Norway,1.0,38.3,18,68.2,44.7,18.8,27.139,43.3,55.1,University of Oslo,134,2016
1846,82.5,Sweden,1.63,31.1,8,48.5,51.2,23.7,31.715,34.1,54.8,Stockholm University,135,2016
1847,63.6,Canada,1.22,47.4,23,80.7,48.1,21.6,36.299,46.4,54.7,University of Alberta,136,2016
1848,68.4,Hong Kong,1.13,37.5,22,81.1,48.5,10.2,17.916,41.5,54.5,Chinese University of Hong Kong,137,2016
1849,73.8,Germany,0.35000000000000003,99.5,16,56.7,47.5,24.6,25.294,37.7,54.5,Karlsruhe Institute of Technology,138,2016
1850,86.1,United Kingdom,1.17,30.6,35,88.3,37.2,17.4,12.001,33.4,54.4,University of Sussex,139,2016
1851,88.1,United States of America,0.96,52.2,11,48.9,36.3,13.0,56.959,40.2,54.3,University of Massachusetts,140,2016
1852,63.6,Austria,2.03,30.2,25,92.6,50.5,20.5,34.651,40.8,54.2,University of Vienna,141,2016
1853,77.5,United Kingdom,1.17,39.8,27,80.6,39.0,15.0,30.144,40.3,54.1,University of Nottingham,142,2016
1854,76.2,Switzerland,1.0,56.0,22,89.2,45.6,13.1,11.964,30.9,53.9,University of Lausanne,143,2016
1855,99.9,United States of America,1.13,36.1,1,45.6,34.2,22.7,17.404,31.1,53.9,University of California Santa Cruz,144,2016
1856,83.8,Spain,1.44,34.9,10,50.3,40.0,12.3,30.538,40.3,53.8,Autonomous University of Barcelona,145,2016
1857,87.3,United States of America,1.08,37.9,12,43.4,37.5,10.2,23.845,38.8,53.3,University of Virginia,146,2016
1858,75.9,South Korea,0.25,100.0,9,33.9,40.5,10.0,9.027,43.3,53.0,Korea Advanced Institute of Science and Technology (KAIST),147,2016
1859,68.8,Netherlands,0.59,91.2,26,80.1,45.6,12.0,6.631,34.1,52.9,University of Twente,148,2016
1860,92.7,United Kingdom,1.38,28.5,28,83.5,28.7,14.7,14.992,31.9,52.9,University of East Anglia,149,2016
1861,72.4,Australia,0.92,79.3,26,85.1,43.2,30.1,20.771,32.8,52.9,University of Adelaide,150,2016
1862,53.8,South Korea,0.64,97.5,9,36.7,53.5,20.3,24.365,51.4,52.8,Sungkyunkwan University (SKKU),151,2016
1863,90.7,Netherlands,1.27,60.1,6,54.9,37.1,16.3,23.28,28.4,52.5,VU University Amsterdam,152,2016
1864,63.9,Sweden,0.43,78.1,21,84.4,44.3,14.6,12.062,39.0,52.4,KTH Royal Institute of Technology,153,2016
1865,75.0,Germany,1.5,68.5,11,53.1,38.0,43.4,43.28,42.2,52.3,University of Cologne,154,2016
1866,85.9,United Kingdom,1.08,36.6,30,85.4,30.9,13.6,18.815,32.8,52.2,University of Liverpool,155,2016
1867,89.0,United States of America,0.96,37.0,26,55.8,27.9,4.5,9.39,39.7,52.1,University of Rochester,156,2016
1868,66.1,Germany,0.72,99.7,12,47.7,45.8,37.4,35.487,41.4,52.1,TU Dresden,157,2016
1869,75.8,Republic of Ireland,1.33,28.0,25,90.5,30.8,18.0,15.521,41.9,52.0,Trinity College Dublin,158,2016
1870,90.1,United States of America,1.0,35.5,14,64.0,22.3,5.7,15.286,41.7,51.9,University of Miami,159,2016
1871,8.6,Russian Federation,0.75,95.7,20,57.8,66.7,7.7,30.822,75.4,51.9,Lomonosov Moscow State University,160,2016
1872,79.5,United States of America,1.08,32.4,8,38.6,41.8,12.7,36.429,38.7,51.7,University of Arizona,161,2016
1873,92.8,United States of America,1.13,-4.5,7,28.5,23.7,5.5,6.753,44.8,51.2,Yeshiva University,162,2016
1874,90.7,Spain,1.44,37.2,13,63.3,28.0,18.3,10.901,32.9,51.2,Pompeu Fabra University,163,2016
1875,69.9,United Kingdom,1.22,34.2,28,85.1,37.3,14.8,12.05,39.3,51.2,University of Reading,164,2016
1876,77.8,Denmark,0.37,50.0,18,85.1,29.9,5.0,9.99,37.3,51.1,Technical University of Denmark,165,2016
1877,86.0,United Kingdom,1.17,31.7,35,86.6,27.8,13.4,14.541,32.1,51.1,University of Leicester,166,2016
1878,91.2,United States of America,1.04,42.5,12,59.5,33.3,22.0,20.626,27.5,51.1,University of California Riverside,167,2016
1879,68.4,Belgium,1.17,51.0,19,74.2,40.6,42.0,28.856,38.7,51.1,Université Catholique de Louvain,168,2016
1880,47.3,Taiwan,0.64,49.6,7,27.7,58.0,11.9,31.891,54.1,51.1,National Taiwan University,169,2016
1881,82.6,United Kingdom,1.17,43.1,33,91.4,31.4,15.8,12.938,29.7,51.0,University of Aberdeen,170,2016
1882,69.8,New Zealand,1.17,78.0,28,90.5,39.5,18.9,29.787,31.4,51.0,University of Auckland,171,2016
1883,78.9,Spain,1.63,31.1,10,49.2,37.4,12.2,47.491,38.5,50.9,University of Barcelona,172,2016
1884,61.9,Germany,1.17,92.4,12,58.3,46.7,59.1,10.93,38.5,50.8,University of Konstanz,173,2016
1885,70.7,Netherlands,0.23,57.3,14,71.3,41.0,16.0,8.176,34.3,50.6,Eindhoven University of Technology,174,2016
1886,70.8,Republic of Ireland,1.0,33.5,23,86.3,38.5,24.5,22.193,35.0,50.6,University College Dublin,175,2016
1887,64.6,Israel,1.22,31.9,5,55.6,41.4,10.7,17.612,45.8,50.5,Hebrew University of Jerusalem,176,2016
1888,66.5,Canada,0.8200000000000001,39.5,14,74.4,43.9,24.2,30.726,35.4,50.3,University of Waterloo,177,2016
1889,81.8,Sweden,1.0,30.3,12,58.3,39.8,16.4,26.42,28.5,50.2,University of Gothenburg,178,2016
1890,84.5,Italy,0.54,71.2,17,45.2,23.2,8.5,769.0,42.5,50.2,Scuola Superiore Sant’Anna,179,2016
1891,82.4,Norway,1.5,36.2,12,70.0,31.5,11.1,11.623,32.5,50.1,University of Bergen,180,2016
1892,82.0,United Kingdom,1.33,34.6,23,78.1,31.6,13.1,23.347,30.9,50.1,Cardiff University,181,2016
1893,83.7,United States of America,0.8200000000000001,57.4,9,30.1,35.3,16.9,25.674,35.6,50.1,University of Utah,182,2016
1894,67.2,China,1.0,80.3,2,21.4,36.6,7.9,14.29,46.7,49.9,University of Science and Technology of China,183,2016
1895,97.3,United States of America,1.22,38.6,22,47.0,25.7,12.6,5.495,28.3,49.9,Brandeis University,184,2016
1896,90.2,United Kingdom,1.5,49.5,25,78.5,26.9,15.3,11.628,25.6,49.9,University of Dundee,185,2016
1897,79.1,Germany,1.33,47.9,8,50.9,35.8,38.4,26.576,34.6,49.9,University of Würzburg,186,2016
1898,79.8,France,1.0,28.8,17,64.2,29.0,15.0,27.603,38.7,49.8,Paris-Sud University,187,2016
1899,84.6,United States of America,1.0,32.0,9,31.9,38.1,29.9,83.236,32.4,49.7,Arizona State University,188,2016
1900,71.7,Belgium,1.27,60.3,16,64.8,40.8,30.3,12.346,31.6,49.6,University of Antwerp,189,2016
1901,83.3,United States of America,1.17,46.8,19,60.0,29.3,17.4,13.216,34.1,49.6,Boston College,190,2016
1902,86.4,Germany,0.89,58.4,10,58.2,23.9,11.2,9.187,35.2,49.5,Ulm University,191,2016
1903,84.8,Luxembourg,1.0,38.1,52,99.8,26.7,15.9,5.144,25.0,49.4,University of Luxembourg,192,2016
1904,47.1,United States of America,0.89,46.4,9,47.8,52.4,21.4,50.657,49.4,49.4,Texas A&M University,193,2016
1905,94.8,United States of America,1.04,42.5,5,24.2,19.5,4.6,7.326,34.6,49.3,Wake Forest University,194,2016
1906,83.8,Germany,1.78,68.4,16,61.1,22.2,6.6,6.853,37.3,49.3,Charité - Universitätsmedizin Berlin,195,2016
1907,100.0,United Kingdom,1.56,37.7,17,69.5,18.1,13.4,2.958,25.6,49.2,St George’s University of London,196,2016
1908,81.5,United Kingdom,1.0,34.7,29,84.3,27.5,15.2,20.174,30.9,49.2,Newcastle University,197,2016
1909,87.7,Italy,1.04,47.1,8,55.9,27.4,43.2,16.841,30.8,49.1,University of Trento,198,2016
1910,79.3,Germany,1.5,38.1,15,60.2,28.6,9.3,31.861,35.8,49.1,Goethe University Frankfurt,199,2016
1911,91.0,France,1.7000000000000002,29.0,17,64.9,22.9,14.8,27.756,30.5,48.9,Paris Diderot University – Paris 7,200,2016
1912,68.9,United Kingdom,1.17,35.7,30,93.4,33.3,17.9,17.94,34.1,48.8,Queen’s University Belfast,201,2016
1913,97.4,Russian Federation,0.67,42.5,8,29.6,17.8,7.2,17.155,30.8,48.8,Peter the Great St Petersburg Polytechnic University,202,2016
1914,81.3,Germany,0.96,82.3,11,48.5,27.0,46.6,36.051,32.3,48.7,University of Duisburg-Essen,203,2016
1915,55.7,Germany,0.45,99.8,20,52.7,44.5,45.4,24.099,40.0,48.6,University of Stuttgart,204,2016
1916,67.8,Canada,1.13,52.0,17,70.1,36.7,16.5,28.341,33.9,48.0,University of Calgary,205,2016
1917,74.9,New Zealand,1.33,31.5,21,89.9,30.5,20.3,18.6,30.7,48.0,University of Otago,206,2016
1918,69.0,France,0.96,31.7,14,65.6,30.0,8.0,2.218,41.6,48.0,École Normale Supérieure de Lyon,207,2016
1919,76.8,Hong Kong,1.04,50.1,28,81.6,26.7,7.1,10.015,32.1,47.9,City University of Hong Kong,208,2016
1920,76.0,South Africa,1.27,99.7,9,68.4,31.5,18.6,23.321,26.2,47.9,University of the Witwatersrand,209,2016
1921,84.0,United States of America,1.0,32.9,26,58.7,20.6,15.1,18.539,35.5,47.9,Northeastern University,210,2016
1922,88.9,United States of America,2.45,45.4,5,21.8,17.4,2.1,1.855,37.7,47.6,Rush University,211,2016
1923,83.2,France,1.0,31.6,13,58.6,21.6,12.1,16.13,34.2,47.5,Joseph Fourier University,212,2016
1924,64.7,United States of America,1.22,32.0,7,41.6,40.1,31.8,41.226,38.5,47.5,Florida State University,213,2016
1925,76.3,Italy,0.52,66.3,12,48.8,31.7,22.2,30.025,30.1,47.4,Polytechnic University of Milan,214,2016
1926,66.3,United Kingdom,1.22,28.5,38,89.9,35.1,17.2,9.454,33.5,47.3,Birkbeck University of London,215,2016
1927,73.0,Italy,1.27,34.5,7,39.9,29.5,22.9,85.532,39.3,47.2,University of Bologna,216,2016
1928,86.8,United States of America,0.79,41.8,23,52.3,26.7,22.8,16.306,24.3,47.2,University of Texas at Dallas,217,2016
1929,73.5,United States of America,1.08,54.1,11,32.3,26.7,11.6,27.526,41.0,47.2,University of Iowa,218,2016
1930,49.2,Israel,1.0,42.9,4,47.5,50.5,24.4,23.977,41.0,46.9,Tel Aviv University,219,2016
1931,83.0,United States of America,1.0,33.4,24,53.2,22.0,10.9,21.908,32.6,46.9,Stony Brook University,220,2016
1932,73.4,United States of America,1.0,99.8,10,45.1,35.7,21.5,31.424,24.8,46.8,University of South Florida,221,2016
1933,61.5,Canada,1.5,41.5,15,69.9,36.7,26.3,36.733,37.1,46.7,University of Ottawa,222,2016
1934,62.0,United States of America,0.89,43.8,19,60.6,37.9,19.0,25.668,36.5,46.6,University at Buffalo,223,2016
1935,85.0,United States of America,1.17,29.1,7,26.6,17.5,11.8,7.867,38.5,46.5,William & Mary,224,2016
1936,96.0,United States of America,1.8599999999999999,44.6,3,21.4,15.7,1.1,2.838,27.8,46.4,Oregon Health and Science University,225,2016
1937,64.1,Switzerland,1.38,60.8,19,87.4,32.9,46.9,10.416,32.3,46.3,University of Fribourg,226,2016
1938,83.3,France,1.7000000000000002,29.0,15,49.1,28.8,26.9,34.691,24.6,46.3,Paris Descartes University,227,2016
1939,89.1,Austria,1.0,33.9,28,81.7,14.6,2.9,7.426,26.6,46.3,Medical University of Vienna,228,2016
1940,51.5,Netherlands,0.96,57.4,10,71.6,47.1,22.4,7.5760000000000005,34.1,46.1,Tilburg University,229,2016
1941,66.9,Australia,1.13,42.3,31,90.1,35.1,44.1,24.519,27.0,45.9,University of Technology Sydney,230,2016
1942,68.1,Sweden,2.03,99.9,0,40.1,32.8,4.6,3.879,31.5,45.9,Swedish University of Agricultural Sciences,231,2016
1943,51.1,Germany,0.39,99.1,18,54.4,43.2,53.6,20.3,37.1,45.9,Technical University of Darmstadt,232,2016
1944,49.4,Japan,0.33,74.7,7,29.3,42.7,5.0,17.2,45.3,45.8,Tohoku University,233,2016
1945,74.9,United Kingdom,3.35,45.5,18,81.7,27.8,10.9,1.819,26.0,45.7,Royal Veterinary College,234,2016
1946,59.0,Canada,1.17,59.7,16,73.6,32.4,20.7,27.387,38.6,45.6,University of Western Ontario,235,2016
1947,62.2,Canada,1.0,57.5,12,63.8,31.7,16.2,27.227,37.5,45.6,Laval University,236,2016
1948,63.2,United States of America,1.13,38.0,17,58.1,29.2,9.2,24.313,40.9,45.4,University of Illinois at Chicago,237,2016
1949,79.0,Canada,1.27,36.6,11,70.2,30.0,21.5,17.581,20.6,45.3,University of Victoria,238,2016
1950,81.4,United States of America,1.0,41.3,5,39.3,23.2,17.0,24.716,29.5,45.3,University of Tennessee Knoxville,239,2016
1951,61.5,Italy,1.44,32.6,7,34.7,37.3,32.3,120.986,38.0,45.1,Sapienza University of Rome,240,2016
1952,42.2,Japan,0.15,70.9,13,31.9,47.6,7.3,9.586,45.6,45.0,Tokyo Institute of Technology,241,2016
1953,61.1,China,1.0,28.0,11,38.6,30.4,12.2,32.175,44.7,45.0,Fudan University,242,2016
1954,72.6,Germany,1.38,70.7,10,53.3,21.7,32.6,35.609,34.9,45.0,Johannes Gutenberg University of Mainz,243,2016
1955,63.3,Hong Kong,1.04,45.1,26,79.0,35.2,25.9,22.064,29.3,45.0,Hong Kong Polytechnic University,244,2016
1956,65.7,United States of America,1.27,29.5,16,48.1,23.5,12.0,20.541,44.7,45.0,George Washington University,245,2016
1957,79.4,Denmark,0.92,35.3,19,88.5,26.5,42.7,18.293,19.3,44.9,Copenhagen Business School,246,2016
1958,71.8,United States of America,0.35000000000000003,83.7,12,35.5,30.3,18.2,5.287,28.5,44.8,Colorado School of Mines,247,2016
1959,73.8,Denmark,0.92,43.7,15,71.0,28.4,15.9,17.422,25.1,44.7,Aalborg University,248,2016
1960,70.0,United States of America,1.27,98.7,10,41.6,34.0,15.9,19.262,23.7,44.6,University of Delaware,249,2016
1961,49.9,Germany,1.33,60.9,8,45.4,46.2,67.8,21.428,35.2,44.4,Bielefeld University,250,2016
1962,52.2,Sweden,0.43,79.5,15,77.6,35.3,11.6,8.605,36.6,44.4,Chalmers University of Technology,251,2016
1963,85.9,Australia,2.03,43.2,15,63.7,22.6,25.4,5.57,17.8,44.3,Charles Darwin University,252,2016
1964,65.2,Canada,1.22,50.3,18,78.3,29.4,14.4,15.064,30.4,44.3,Dalhousie University,253,2016
1965,41.8,South Korea,1.0,99.8,14,40.2,43.4,15.8,24.043,43.9,44.3,Korea University,254,2016
1966,62.1,Finland,0.47000000000000003,61.6,17,65.4,32.8,24.2,16.099,31.1,44.2,Aalto University,255,2016
1967,85.0,United States of America,1.38,29.9,8,26.6,10.9,5.8,11.919,36.9,44.0,Saint Louis University,256,2016
1968,82.4,Russian Federation,0.64,60.2,17,32.7,15.1,6.9,11.902,31.6,43.9,Tomsk Polytechnic University,257,2016
1969,65.1,United States of America,0.43,79.6,16,40.3,31.5,15.0,6.671,30.4,43.7,Rensselaer Polytechnic Institute,258,2016
1970,54.6,Austria,0.37,86.5,27,77.3,32.0,52.0,26.419,34.1,43.6,Vienna University of Technology,259,2016
1971,54.4,Canada,1.38,54.2,10,61.6,35.8,22.1,20.488,35.8,43.6,Queen’s University,260,2016
1972,74.9,Turkey,1.08,82.4,8,53.5,27.1,14.6,4.4879999999999995,21.2,43.6,Koç University,261,2016
1973,77.1,United States of America,1.22,36.3,15,38.3,20.8,15.9,19.66,31.4,43.5,Syracuse University,262,2016
1974,81.4,Australia,1.7000000000000002,40.7,11,70.4,22.8,21.9,11.713,19.0,43.5,James Cook University,263,2016
1975,20.4,Brazil,0.92,30.5,4,25.3,57.1,14.6,81.402,59.1,43.5,University of São Paulo,264,2016
1976,72.8,Canada,1.22,42.3,19,61.4,29.2,28.3,26.64,23.2,43.5,Simon Fraser University,265,2016
1977,67.2,Australia,1.27,64.4,18,75.9,26.5,21.9,23.508,27.4,43.4,University of Newcastle,266,2016
1978,91.4,Iceland,1.94,28.0,8,61.0,16.2,25.9,13.96,16.2,43.2,University of Iceland,267,2016
1979,56.0,Australia,1.17,73.7,17,76.0,35.6,35.8,33.391,28.8,43.2,Queensland University of Technology,268,2016
1980,37.4,Japan,0.45,76.1,9,26.6,45.2,7.8,23.144,46.8,43.0,Osaka University,269,2016
1981,60.0,United States of America,0.79,40.7,11,49.0,30.5,13.6,30.533,36.1,42.9,North Carolina State University,270,2016
1982,68.5,Republic of Ireland,1.27,41.9,14,76.5,25.4,26.8,14.067,27.3,42.9,National University of Ireland Galway,271,2016
1983,42.4,India,0.23,52.4,1,16.4,47.2,8.2,3.318,42.7,42.9,Indian Institute of Science,272,2016
1984,64.9,France,1.56,33.1,13,63.0,22.1,45.5,71.749,36.7,42.7,Aix-Marseille University,273,2016
1985,60.1,Germany,0.85,56.4,8,52.6,31.2,35.5,12.52,32.2,42.6,Bayreuth University,274,2016
1986,54.2,China,0.85,58.6,10,50.4,32.2,13.3,29.743,37.2,42.4,Nanjing University,275,2016
1987,36.1,China,0.6900000000000001,96.2,5,19.6,46.0,15.9,47.508,44.3,42.2,Zhejiang University,276,2016
1988,67.8,United States of America,1.27,32.4,8,35.3,19.3,8.4,11.381,39.1,42.1,Tulane University,277,2016
1989,54.2,United States of America,0.72,43.3,10,29.5,38.2,18.6,30.85,34.9,42.1,Virginia Polytechnic Institute and State University,278,2016
1990,76.6,Saudi Arabia,1.33,73.1,21,93.0,11.8,8.4,35.889,23.9,42.1,King Abdulaziz University,279,2016
1991,53.0,Taiwan,0.49,49.5,5,23.2,36.6,13.5,10.221,37.7,41.9,National Tsing Hua University,280,2016
1992,76.8,Sweden,1.08,42.1,10,57.7,18.9,7.7,17.866,24.2,41.8,Linköping University,281,2016
1993,65.3,Republic of Ireland,1.22,33.9,63,90.1,20.1,15.6,2.473,29.9,41.6,Royal College of Surgeons in Ireland,282,2016
1994,74.5,Sweden,1.5,31.1,7,56.1,25.0,11.9,16.667,20.8,41.5,Umeå University,283,2016
1995,74.6,Italy,1.27,32.6,4,37.9,22.6,18.3,62.577,25.7,41.4,University of Padua,284,2016
1996,63.8,United States of America,0.89,32.1,9,42.8,28.5,16.8,22.578,30.6,41.4,Oregon State University,285,2016
1997,59.3,United States of America,1.08,41.0,5,34.5,33.0,19.0,26.769,31.6,41.4,Colorado State University,286,2016
1998,68.0,Australia,1.33,42.7,21,79.1,25.7,23.8,18.34,21.8,41.4,University of Tasmania,287,2016
1999,59.3,Australia,1.0,57.9,24,86.8,28.4,25.4,16.489,25.8,41.3,University of Wollongong,288,2016
2000,61.5,United States of America,0.79,54.0,11,35.4,29.4,17.4,29.991,31.2,41.3,Iowa State University,289,2016
2001,85.2,United States of America,0.92,31.8,5,30.4,12.1,0.6000000000000001,1.211,25.4,41.3,Medical College of Wisconsin,290,2016
2002,72.1,United States of America,1.17,35.3,6,28.3,20.4,15.7,36.108,31.3,41.2,University of Cincinnati,291,2016
2003,52.2,United States of America,1.33,30.9,7,39.2,30.5,19.9,33.119,41.1,41.2,University of Georgia,292,2016
2004,87.5,Russian Federation,2.23,42.4,6,25.5,12.3,12.2,23.321,21.9,41.0,Kazan Federal University,293,2016
2005,69.5,Australia,1.7000000000000002,41.7,15,64.7,25.7,22.6,15.655,21.4,41.0,Flinders University,294,2016
2006,71.7,France,1.38,30.6,12,54.6,22.0,19.4,51.239,25.3,41.0,University of Bordeaux,295,2016
2007,66.3,Australia,1.0,34.6,21,81.7,25.2,22.0,30.251,22.5,40.8,Griffith University,296,2016
2008,46.5,Belgium,1.17,98.9,23,69.7,36.6,25.9,20.951,29.1,40.8,University of Liège,297,2016
2009,54.4,Germany,0.92,66.6,13,51.7,30.0,46.3,38.675,32.8,40.8,Ruhr University Bochum,298,2016
2010,74.1,Italy,1.27,32.3,9,47.3,18.5,25.8,18.135,26.5,40.8,University of Trieste,299,2016
2011,52.9,Germany,1.63,46.4,9,46.8,33.9,53.9,25.682,32.9,40.7,Justus Liebig University Giessen,300,2016
2012,56.7,United Kingdom,0.85,36.3,30,84.8,27.9,18.8,12.83,28.9,40.6,University of Bath,301,2016
2013,40.1,Japan,0.41000000000000003,91.4,10,27.4,38.9,7.9,15.529,40.8,40.6,Nagoya University,302,2016
2014,81.3,Italy,1.0,47.4,1,21.1,14.8,64.2,83.653,24.7,40.5,University of Naples Federico II,303,2016
2015,55.3,Germany,0.89,48.6,10,40.8,29.8,88.9,29.143,34.2,40.4,Technical University of Dortmund,304,2016
2016,64.8,Italy,1.5,40.9,5,37.7,24.2,24.3,58.618,30.5,40.4,University of Milan,305,2016
2017,79.7,Denmark,1.08,28.0,16,71.8,14.7,12.7,22.21,19.2,40.4,University of Southern Denmark,306,2016
2018,43.7,South Korea,0.33,45.2,8,36.2,42.0,9.6,1.3940000000000001,35.2,40.3,Gwangju Institute of Science and Technology,307,2016
2019,51.2,United Kingdom,1.22,34.9,38,90.4,28.9,16.6,12.063,31.7,40.2,University of Surrey,308,2016
2020,67.5,Italy,1.63,54.2,6,38.8,22.3,66.0,67.552,27.4,40.1,University of Turin,309,2016
2021,85.5,Czech Republic,0.96,32.1,5,22.3,15.7,23.9,14.991,18.8,40.1,VŠB - Technical University of Ostrava,310,2016
2022,64.4,France,1.38,32.8,21,71.6,23.4,17.8,46.208,25.5,40.0,University of Strasbourg,311,2016
2023,51.5,Germany,1.27,52.8,13,50.3,33.8,41.2,9.163,30.9,40.0,University of Hohenheim,312,2016
2024,52.1,Israel,0.54,28.8,4,61.9,33.3,19.4,13.855,30.8,40.0,Technion Israel Institute of Technology,313,2016
2025,65.8,Finland,1.56,31.2,5,66.2,21.2,14.6,12.326,27.1,40.0,University of Turku,314,2016
2026,57.0,United States of America,1.04,30.9,11,43.1,25.6,13.0,25.742,35.9,39.9,University of Connecticut,315,2016
2027,87.8,Sweden,1.56,29.8,2,39.4,10.4,15.8,8.788,18.3,39.9,Örebro University,316,2016
2028,67.3,Austria,1.17,39.9,39,95.7,16.9,16.9,18.209,23.6,39.8,University of Innsbruck,317,2016
2029,34.0,China,0.59,92.9,6,27.5,45.2,12.8,38.191,37.8,39.6,Shanghai Jiao Tong University,318,2016
2030,52.8,Russian Federation,0.41000000000000003,28.1,7,27.5,24.1,7.3,7.801,43.9,39.6,National Research Nuclear University MePhI,319,2016
2031,66.8,Australia,1.5,30.0,17,76.9,21.9,30.4,32.713,22.4,39.6,Deakin University,320,2016
2032,56.8,Belgium,1.22,77.1,16,64.5,24.5,17.1,9.02,28.7,39.6,Vrije Universiteit Brussel,321,2016
2033,75.2,United Kingdom,1.08,28.5,13,64.0,18.0,25.9,24.121,19.3,39.5,Plymouth University,322,2016
2034,65.4,United Kingdom,1.22,31.0,22,81.3,22.1,19.5,9.567,22.6,39.5,Bangor University,323,2016
2035,59.5,France,1.04,31.9,14,54.4,16.7,18.4,36.731,38.7,39.5,Montpellier University,324,2016
2036,72.6,United States of America,1.08,30.8,11,33.5,22.7,20.2,24.418,21.2,39.2,University of Oregon,325,2016
2037,65.8,Italy,1.5,46.6,5,34.3,25.5,72.5,33.37,24.3,39.2,University of Milan-Bicocca,326,2016
2038,46.9,South Africa,1.13,100.0,8,49.8,35.0,23.0,21.849,28.2,39.2,Stellenbosch University,327,2016
2039,65.1,Italy,1.27,69.4,6,40.5,22.5,40.6,22.958,25.0,39.2,University of Pavia,328,2016
2040,52.3,Australia,1.22,33.1,44,90.0,27.2,20.0,27.93,28.5,39.0,Macquarie University,329,2016
2041,50.0,Germany,1.0,46.0,11,50.0,32.7,25.6,18.59,30.9,39.0,University of Bremen,330,2016
2042,39.1,Taiwan,0.52,92.2,11,30.5,43.1,17.4,7.446,31.7,39.0,National Taiwan University of Science and Technology (Taiwan Tech),331,2016
2043,64.9,United States of America,1.17,29.1,7,36.9,21.2,17.0,26.622,29.6,38.9,George Mason University,332,2016
2044,61.3,Germany,1.22,32.6,6,41.7,23.5,24.0,10.931000000000001,30.1,38.9,University of Greifswald,333,2016
2045,63.0,United States of America,1.13,51.2,7,53.5,23.1,8.2,3.8369999999999997,25.1,38.9,University of Alaska Fairbanks,334,2016
2046,72.1,Italy,1.44,35.9,7,38.5,20.4,17.2,54.29,21.7,38.9,University of Florence,335,2016
2047,64.4,United States of America,2.03,33.6,8,37.7,13.3,2.6,2.857,37.0,38.7,University of Nebraska Medical Center,336,2016
2048,56.3,France,1.44,32.5,19,66.7,35.7,43.8,19.011,18.6,38.7,Toulouse 1 Capitole University,337,2016
2049,57.5,Spain,1.08,63.5,16,52.6,20.8,10.6,11.259,31.9,38.7,University of Navarra,338,2016
2050,53.5,United States of America,0.85,35.6,9,45.8,30.2,16.4,21.789,30.1,38.7,University of Nebraska-Lincoln,339,2016
2051,34.2,Taiwan,0.37,96.9,5,32.0,45.4,16.6,12.646,32.9,38.6,National Chiao Tung University,340,2016
2052,39.0,Germany,0.6900000000000001,69.6,12,43.2,36.9,62.7,22.401,36.5,38.6,Leibniz University of Hanover,341,2016
2053,76.1,Italy,1.8599999999999999,36.6,7,38.3,13.1,19.7,25.25,23.6,38.6,Verona University,342,2016
2054,73.6,Greece,1.7000000000000002,34.5,5,47.0,19.2,26.9,14.65,18.6,38.5,University of Crete,343,2016
2055,46.9,Spain,1.27,33.0,15,48.6,30.9,13.0,28.296,35.6,38.4,Autonomous University of Madrid,344,2016
2056,67.2,United Kingdom,0.92,31.3,18,72.2,18.9,19.2,9.252,21.6,38.4,Aberystwyth University,345,2016
2057,39.4,South Korea,1.0,75.9,14,41.5,34.1,11.6,24.774,37.2,38.2,Yonsei University,346,2016
2058,38.6,United Kingdom,1.22,28.9,39,93.7,33.3,19.8,12.695,33.9,38.1,University of Essex,347,2016
2059,52.0,United States of America,1.0,42.3,9,33.9,26.5,43.7,40.325,34.9,38.1,University of Houston,348,2016
2060,49.1,Canada,1.44,33.2,9,58.2,30.8,39.4,48.007,30.2,38.0,York University,349,2016
2061,60.9,United Kingdom,1.13,28.8,27,87.2,19.1,14.4,17.638,24.6,38.0,University of Kent,350,2016
2062,65.1,Finland,1.78,33.3,6,46.1,20.7,17.3,10.798,24.8,37.9,University of Eastern Finland,351,2016
2063,64.2,Estonia,1.94,31.5,3,46.1,22.8,13.0,10.269,23.8,37.9,University of Tartu,352,2016
2064,65.9,Italy,0.41000000000000003,42.5,16,50.6,18.6,19.6,27.709,23.7,37.7,Polytechnic University of Turin,353,2016
2065,59.1,United Kingdom,1.56,30.4,22,77.7,23.5,15.9,7.828,22.6,37.7,University of Stirling,354,2016
2066,48.5,India,0.19,42.3,1,17.7,28.6,14.9,8.327,37.8,37.6,Indian Institute of Technology Bombay,355,2016
2067,65.3,United States of America,1.33,41.7,7,29.6,14.2,10.7,23.065,31.9,37.6,Wayne State University,356,2016
2068,60.2,United States of America,1.13,31.1,5,31.0,21.0,14.1,29.885,31.2,37.6,University of Missouri,357,2016
2069,52.8,Turkey,0.64,70.0,6,42.7,32.3,15.9,2.739,22.3,37.4,Sabancı University,358,2016
2070,55.5,Finland,1.63,34.2,5,47.1,25.5,15.2,9.703,28.2,37.4,University of Jyväskylä,359,2016
2071,58.2,United Kingdom,0.96,32.7,20,72.4,23.8,17.1,12.801,22.2,37.2,Swansea University,360,2016
2072,47.9,Belgium,1.17,39.1,32,84.5,28.3,26.1,23.819,26.1,37.1,Université Libre de Bruxelles,361,2016
2073,58.3,United States of America,1.04,41.6,5,28.6,18.2,13.3,33.268,34.0,37.1,Temple University,362,2016
2074,64.8,Italy,1.44,37.5,5,35.9,21.0,61.2,36.353,23.1,37.0,University of Rome III,363,2016
2075,41.3,United Kingdom,0.61,36.6,22,72.9,32.2,15.9,13.951,31.2,37.0,Loughborough University,364,2016
2076,44.4,Canada,1.5,47.4,4,53.6,34.2,28.3,21.643,28.0,37.0,University of Guelph,365,2016
2077,67.9,Hong Kong,1.56,28.8,25,75.0,12.1,11.0,10.441,22.6,36.9,Hong Kong Baptist University,366,2016
2078,74.9,United States of America,0.92,28.6,6,29.6,16.6,26.9,27.52,18.1,36.9,University of Texas at San Antonio,367,2016
2079,58.8,Norway,1.5,36.8,10,66.1,18.7,12.2,10.398,26.5,36.9,UiT The Arctic University of Norway,368,2016
2080,56.7,Cyprus,2.23,30.0,8,74.7,28.5,22.9,6.88,18.0,36.9,University of Cyprus,369,2016
2081,70.4,United States of America,1.56,28.0,2,17.1,12.1,17.1,8.003,29.3,36.9,University of South Dakota,370,2016
2082,58.7,United States of America,1.22,30.3,1,24.5,21.5,16.3,29.336,31.1,36.8,University of South Carolina,371,2016
2083,59.8,Portugal,0.37,38.8,9,43.7,25.0,16.9,11.778,22.2,36.8,Instituto Superior Técnico Lisboa,372,2016
2084,81.7,France,1.38,31.5,8,39.4,9.5,38.5,26.894,15.1,36.7,Lille 2 University – Health and Law,373,2016
2085,49.6,United States of America,1.0,57.1,7,39.6,28.2,18.3,24.55,29.0,36.7,Washington State University,374,2016
2086,62.7,United States of America,1.33,29.3,5,25.9,27.0,31.7,27.42,20.3,36.6,San Diego State University,375,2016
2087,72.9,Italy,1.17,32.3,6,34.2,15.6,25.3,19.693,18.7,36.5,University of Modena and Reggio Emilia,376,2016
2088,65.5,United States of America,1.17,31.0,3,21.5,13.6,15.2,12.47,30.8,36.5,University of Montana,377,2016
2089,48.4,Republic of Ireland,1.22,47.1,15,75.5,23.8,22.3,15.805,28.6,36.4,University College Cork,378,2016
2090,45.4,Australia,1.7000000000000002,43.7,27,78.0,28.5,29.0,22.037,27.0,36.4,La Trobe University,379,2016
2091,44.3,New Zealand,1.22,45.6,21,88.8,28.7,21.1,17.142,26.0,36.4,Victoria University of Wellington,380,2016
2092,59.8,Norway,0.85,51.8,9,59.9,25.8,13.9,17.381,16.3,36.4,Norwegian University of Science and Technology,381,2016
2093,49.7,Canada,1.22,41.8,11,57.8,26.9,27.8,28.576,27.1,36.3,University of Manitoba,382,2016
2094,80.2,Italy,0.8200000000000001,28.0,4,27.3,11.0,23.0,16.589,15.2,36.0,Marche Polytechnic University,383,2016
2095,41.2,Australia,1.44,85.9,32,89.0,26.7,26.2,18.971,26.4,35.9,University of South Australia,384,2016
2096,64.5,Italy,1.08,34.7,6,36.5,17.2,26.5,33.504,23.5,35.9,University of Rome II – Tor Vergata,385,2016
2097,57.7,United States of America,0.92,36.3,18,46.3,14.6,10.8,20.713,31.2,35.7,Drexel University,386,2016
2098,62.0,United States of America,0.92,34.0,14,53.6,17.4,23.3,15.799,22.7,35.7,Binghamton University State University of New York,387,2016
2099,22.6,Brazil,0.92,49.4,3,21.1,42.3,15.3,27.095,44.6,35.7,State University of Campinas,388,2016
2100,45.7,China,1.04,79.4,8,37.0,24.6,16.6,51.351,31.9,35.6,Sun Yat-sen University,389,2016
2101,62.3,Finland,0.96,30.9,6,56.9,15.9,8.5,14.056,23.1,35.6,University of Oulu,390,2016
2102,6.8,France,1.44,28.3,20,47.6,47.6,34.3,42.215,53.2,35.5,Panthéon-Sorbonne University – Paris 1,391,2016
2103,64.5,Italy,1.08,31.4,4,31.1,18.9,18.0,47.247,21.6,35.5,University of Pisa,392,2016
2104,66.5,France,1.0,34.5,11,50.5,13.2,16.1,35.308,21.3,35.4,Claude Bernard University Lyon 1,393,2016
2105,72.3,Italy,0.92,35.8,7,36.6,14.8,25.0,14.076,15.6,35.3,University of Brescia,394,2016
2106,47.5,Germany,0.56,80.2,14,44.1,22.6,54.4,14.184,29.6,35.3,University of Kaiserslautern,395,2016
2107,66.9,Spain,1.56,30.9,9,41.5,14.8,12.8,12.533,20.8,35.3,University of Rovira i Virgili,396,2016
2108,50.2,Republic of Ireland,1.22,36.6,11,75.6,22.8,28.0,7.6530000000000005,24.6,35.2,National University of Ireland Maynooth,397,2016
2109,72.2,Japan,0.54,30.9,4,19.9,11.4,9.9,9.303,21.6,35.1,Tokyo Metropolitan University,398,2016
2110,52.9,Austria,0.28,77.2,16,69.3,15.8,12.5,7.542,26.0,35.1,Graz University of Technology,399,2016
2111,31.1,South Korea,1.0,87.9,19,54.3,32.6,10.4,16.729,33.9,35.0,Hanyang University,400,2016
2112,63.7,Finland,1.94,40.0,4,41.9,13.7,9.5,10.045,23.5,35.0,University of Tampere,401,2016
2113,53.4,Australia,0.79,32.2,33,84.8,20.2,36.5,20.314,21.5,34.9,Swinburne University of Technology,402,2016
2114,33.7,Japan,0.61,42.9,16,34.4,30.0,12.6,15.93,40.0,34.7,University of Tsukuba,403,2016
2115,59.3,Italy,1.27,42.3,9,38.8,14.2,29.5,37.373,27.2,34.7,University of Genoa,404,2016
2116,70.5,Chile,0.32,35.1,2,54.1,10.1,34.0,11.718,17.2,34.7,Federico Santa María Technical University,405,2016
2117,53.5,Switzerland,0.47000000000000003,41.8,34,97.6,11.2,10.8,6.848,25.8,34.4,University of St Gallen,406,2016
2118,77.4,Italy,1.5,28.0,1,23.6,9.1,22.4,43.875,15.3,34.4,University of Palermo,407,2016
2119,70.7,Uganda,1.0,28.0,9,58.0,10.6,29.4,37.34,15.1,34.3,Makerere University,408,2016
2120,29.3,Japan,0.41000000000000003,53.7,9,27.9,32.8,8.2,18.162,40.3,34.2,Hokkaido University,409,2016
2121,48.9,Italy,1.94,32.3,7,38.1,27.8,38.3,19.267,23.9,34.1,Ca’ Foscari University of Venice,410,2016
2122,63.3,Italy,1.27,35.9,7,41.8,17.2,30.2,18.882,17.7,34.0,University of Ferrara,411,2016
2123,41.4,India,0.18,31.7,0,13.3,30.5,17.5,9.928,33.2,34.0,Indian Institute of Technology Kharagpur,412,2016
2124,61.3,United States of America,0.85,31.7,7,28.2,18.2,18.1,13.908,21.3,34.0,University of Maryland Baltimore County,413,2016
2125,52.3,Australia,1.27,30.7,9,54.0,24.6,32.2,30.704,20.1,33.9,Western Sydney University,414,2016
2126,53.3,Austria,1.8599999999999999,29.3,12,68.9,16.3,26.8,20.584,24.9,33.9,University of Graz,415,2016
2127,53.7,New Zealand,1.33,30.7,25,87.0,18.2,17.0,10.159,19.3,33.8,University of Waikato,416,2016
2128,27.2,Taiwan,0.56,100.0,11,27.7,40.2,14.4,21.234,29.8,33.7,National Cheng Kung University,417,2016
2129,48.8,Italy,1.8599999999999999,45.4,2,31.7,21.6,65.1,51.56,28.7,33.7,University of Bari Aldo Moro,418,2016
2130,51.2,Australia,1.44,36.5,43,88.3,19.6,32.8,16.606,18.7,33.5,Murdoch University,419,2016
2131,45.0,Taiwan,1.13,60.4,8,25.7,29.4,15.4,7.983,24.0,33.4,China Medical University Taiwan,420,2016
2132,39.2,South Korea,1.0,89.4,14,46.4,27.6,17.4,24.356,26.1,33.4,Kyung Hee University,421,2016
2133,42.4,Portugal,1.22,34.8,11,46.2,26.5,19.0,22.795,28.3,33.4,University of Coimbra,422,2016
2134,53.7,France,1.27,28.5,22,79.5,16.1,20.3,27.304,21.4,33.4,University of Nice Sophia Antipolis,423,2016
2135,37.2,Portugal,1.17,38.7,9,45.4,28.2,18.8,32.72,32.0,33.4,University of Porto,424,2016
2136,58.2,United States of America,0.79,38.9,15,36.0,15.0,11.3,6.3,23.9,33.4,Lehigh University,425,2016
2137,60.3,United Kingdom,1.56,28.4,9,51.5,13.8,35.9,76.683,21.0,33.3,The Open University,426,2016
2138,41.1,United States of America,1.5,35.9,12,28.9,16.5,12.0,11.604,42.2,33.3,American University,427,2016
2139,52.9,United States of America,1.44,28.7,5,29.5,19.5,20.4,28.534,26.3,33.1,Georgia State University,428,2016
2140,39.7,Canada,1.33,62.9,14,52.9,22.4,16.3,19.028,30.8,33.1,University of Saskatchewan,429,2016
2141,14.8,Mexico,1.04,63.7,5,35.9,40.2,11.6,137.378,42.7,33.1,National Autonomous University of Mexico,430,2016
2142,31.8,Japan,0.39,83.2,8,26.4,27.5,6.7,18.925,36.5,32.9,Kyushu University,431,2016
2143,53.0,United Kingdom,1.22,29.3,20,72.7,17.6,15.7,8.397,20.0,32.9,Keele University,432,2016
2144,43.6,Portugal,1.04,40.1,10,45.9,26.5,17.8,10.791,24.8,32.9,University of Aveiro,433,2016
2145,26.2,Russian Federation,1.08,38.2,13,32.4,30.8,7.1,7.131,41.4,32.8,Novosibirsk State University,434,2016
2146,43.5,United Kingdom,1.22,28.9,50,89.6,21.2,17.8,13.053,23.5,32.8,City University London,435,2016
2147,39.5,United Kingdom,0.85,34.7,38,91.8,23.3,17.6,12.613,24.8,32.7,Brunel University London,436,2016
2148,49.7,Macau,1.38,34.9,31,98.4,17.0,14.9,8.521,18.5,32.6,University of Macau,437,2016
2149,41.0,Czech Republic,1.63,28.2,15,52.8,21.5,13.0,51.438,31.5,32.6,Charles University in Prague,438,2016
2150,36.3,Republic of Ireland,1.04,51.7,17,76.7,25.2,22.9,8.546,26.1,32.3,Dublin City University,439,2016
2151,38.9,New Zealand,1.04,52.1,20,91.0,22.5,16.5,12.187,23.5,32.3,University of Canterbury,440,2016
2152,44.6,Australia,0.89,37.0,25,82.1,17.7,18.1,29.501,24.7,32.2,RMIT University,441,2016
2153,50.4,South Korea,1.0,57.6,6,34.3,18.3,14.4,17.625,23.9,32.2,Ewha Womans University,442,2016
2154,53.0,Italy,1.78,36.2,1,24.5,13.2,58.4,19.959,29.6,32.2,University of Salento,443,2016
2155,44.6,Australia,1.13,37.8,38,93.1,20.2,17.1,30.333,20.1,32.2,Curtin University,444,2016
2156,54.0,South Korea,1.0,64.7,3,18.6,20.5,13.3,14.037,19.5,32.1,University of Ulsan,445,2016
2157,35.5,United States of America,1.04,28.0,8,31.4,35.3,18.5,15.387,25.6,32.1,State University of New York Albany,446,2016
2158,53.3,Australia,1.94,37.7,15,52.7,18.3,32.8,9.026,18.9,32.1,Southern Cross University,447,2016
2159,58.2,United Kingdom,0.8200000000000001,28.9,23,79.3,10.9,19.1,20.161,17.2,32.0,University of Portsmouth,448,2016
2160,66.8,Italy,1.56,31.2,7,35.0,8.7,37.4,13.435,17.2,32.0,University of Urbino Carlo Bo,449,2016
2161,36.6,Japan,1.04,59.5,7,23.1,18.3,3.3,2.872,39.3,31.8,Tokyo Medical and Dental University (TMDU),450,2016
2162,41.6,Canada,1.56,29.2,9,42.9,24.5,24.7,27.046,26.8,31.8,Université du Québec à Montréal,451,2016
2163,33.4,India,0.22,62.8,1,15.5,25.8,17.3,8.371,35.8,31.7,Indian Institute of Technology Delhi,452,2016
2164,49.4,United States of America,1.27,32.7,7,32.8,18.1,25.9,32.566,25.7,31.7,Florida International University,453,2016
2165,42.3,Iran,0.32,61.2,0,12.2,26.0,23.9,10.311,25.9,31.5,Iran University of Science and Technology,454,2016
2166,56.4,Italy,1.27,37.1,7,36.8,16.6,29.1,26.937,17.7,31.4,University of Parma,455,2016
2167,42.7,United Kingdom,1.33,28.4,25,68.9,18.8,18.5,14.238,25.7,31.4,Oxford Brookes University,456,2016
2168,45.5,Finland,0.30000000000000004,67.5,13,54.0,17.2,15.5,6.147,23.1,31.3,Tampere University of Technology,457,2016
2169,36.4,United Kingdom,0.6900000000000001,45.6,43,90.1,22.4,17.8,8.773,23.4,31.2,Heriot-Watt University,458,2016
2170,41.5,South Africa,1.38,38.2,6,58.6,25.7,24.9,30.572,20.3,31.2,University of KwaZulu-Natal,459,2016
2171,31.8,United Kingdom,1.0,44.1,20,71.0,28.0,20.2,15.705,25.9,31.2,University of Strathclyde,460,2016
2172,31.2,Spain,1.63,30.9,13,39.1,27.6,17.5,86.519,33.2,31.1,Complutense University of Madrid,461,2016
2173,43.8,United States of America,1.7000000000000002,28.6,17,40.1,12.9,17.0,10.788,34.2,31.1,University of San Francisco,462,2016
2174,33.7,Iran,0.37,87.8,0,15.9,30.1,18.7,10.977,26.6,31.0,Sharif University of Technology,463,2016
2175,14.5,Russian Federation,1.5,29.5,7,33.0,31.4,5.2,20.836,47.9,30.9,Saint Petersburg State University,464,2016
2176,49.6,Spain,1.5,31.3,9,40.5,16.9,15.4,58.413,22.7,30.8,University of Valencia,465,2016
2177,44.7,Spain,0.14,40.9,28,63.9,14.8,11.7,22.893,25.2,30.7,Polytechnic University of Catalonia,466,2016
2178,56.8,Italy,1.63,33.6,1,32.6,13.2,51.0,30.638,19.4,30.7,University of Cagliari,467,2016
2179,56.4,Greece,1.38,32.9,4,36.9,17.7,36.3,20.825,14.5,30.7,University of Ioannina,468,2016
2180,55.8,Czech Republic,0.37,33.7,15,35.8,14.7,21.3,23.694,18.0,30.6,Brno University of Technology,469,2016
2181,51.6,Austria,0.92,37.4,10,58.5,13.8,29.1,19.646,19.2,30.5,Johannes Kepler University of Linz,470,2016
2182,33.3,Taiwan,0.92,30.2,2,15.8,18.5,5.4,4.496,41.5,30.4,National Yang-Ming University,471,2016
2183,38.3,Portugal,0.96,41.3,7,44.5,21.9,17.9,18.867,26.9,30.3,New University of Lisbon,472,2016
2184,37.0,Chile,1.0,28.0,7,52.4,21.3,15.3,25.075,28.2,30.2,Pontifical Catholic University of Chile,473,2016
2185,44.7,Malaysia,0.75,31.1,13,51.7,14.6,9.0,16.27,26.3,30.2,Universiti Teknologi Malaysia,474,2016
2186,46.4,China,1.0,64.7,5,21.7,17.1,15.5,27.14,24.1,30.1,East China University of Science and Technology,475,2016
2187,42.3,Israel,1.44,28.9,5,49.4,21.3,16.0,17.503,22.6,30.1,Bar-Ilan University,476,2016
2188,40.8,United States of America,0.89,32.4,6,32.0,19.4,21.5,11.641,28.3,30.0,University of Idaho,477,2016
2189,45.2,Italy,1.44,33.2,5,39.0,17.8,23.6,18.846,23.7,29.9,University of Siena,478,2016
2190,55.4,Italy,1.0,38.7,10,39.0,11.3,18.9,30.304,18.6,29.9,Catholic University of the Sacred Heart,479,2016
2191,31.4,India,0.23,88.9,1,16.1,20.7,15.9,8.234,34.6,29.8,Indian Institute of Technology Madras,480,2016
2192,41.7,Japan,0.56,42.2,5,22.2,18.9,8.2,14.686,27.8,29.7,Hiroshima University,481,2016
2193,52.9,Italy,1.56,29.5,1,25.3,15.9,49.7,55.859,19.2,29.7,University of Catania,482,2016
2194,48.0,United States of America,0.85,43.0,4,23.5,21.8,17.8,12.331,17.7,29.7,Montana State University,483,2016
2195,18.0,China,1.0,97.8,7,36.7,26.8,14.4,46.227,38.2,29.6,Wuhan University,484,2016
2196,53.8,United States of America,1.38,28.5,8,32.4,14.2,19.0,23.122,18.4,29.6,Kent State University,485,2016
2197,41.1,United Kingdom,1.08,31.8,20,73.2,16.1,18.7,15.141,22.4,29.4,University of Hull,486,2016
2198,47.2,United States of America,1.17,34.6,7,30.5,19.2,18.8,15.035,19.5,29.3,New Mexico State University,487,2016
2199,36.4,Canada,1.0,30.9,27,77.4,23.4,30.3,31.017,19.3,29.3,Concordia University,488,2016
2200,45.8,Spain,1.27,29.4,6,36.4,14.7,16.0,53.476,24.3,29.1,University of Granada,489,2016
2201,45.4,Turkey,1.0,35.5,7,38.3,17.2,25.0,11.506,21.2,29.1,Boğaziçi University,490,2016
2202,42.2,Poland,2.03,28.5,7,41.6,15.8,14.1,49.292,26.1,29.1,University of Warsaw,491,2016
2203,35.2,United Kingdom,1.13,28.8,18,70.6,12.6,25.9,14.907,32.0,29.1,Bournemouth University,492,2016
2204,41.8,France,0.45,40.3,31,63.6,10.6,8.2,6.1370000000000005,27.0,29.1,National Institute of Applied Sciences of Lyon (INSA Lyon),493,2016
2205,46.9,Spain,1.7000000000000002,32.3,6,37.1,14.1,15.3,29.085,22.9,29.0,University of Santiago de Compostela,494,2016
2206,37.2,India,0.2,81.4,1,13.9,17.5,18.7,8.061,29.7,29.0,Indian Institute of Technology Roorkee,495,2016
2207,50.9,United States of America,1.5,33.4,10,50.3,10.1,10.5,29.396,20.1,29.0,University of Texas at Arlington,496,2016
2208,42.6,India,0.16,32.3,1,12.9,20.7,14.2,4.71,24.3,28.8,Indian Institute of Technology Guwahati,497,2016
2209,44.1,United Kingdom,1.22,29.2,15,79.0,13.2,15.8,19.622,19.1,28.7,Ulster University,498,2016
2210,50.5,United Kingdom,1.17,29.3,27,78.9,9.5,19.4,19.665,15.5,28.6,University of Hertfordshire,499,2016
2211,31.6,China,0.52,71.8,4,17.3,22.7,17.7,57.242,29.3,28.5,Huazhong University of Science and Technology,500,2016
2212,49.5,Spain,1.22,36.7,5,33.5,12.7,11.8,31.046,20.1,28.5,University of Zaragoza,501,2016
2213,39.5,Iran,0.64,99.5,1,17.2,23.0,26.5,10.964,18.1,28.5,Isfahan University of Technology,502,2016
2214,12.2,China,1.0,100.0,1,14.7,34.4,12.2,29.693,36.5,28.5,Tianjin University,503,2016
2215,43.3,China,1.7000000000000002,42.0,11,30.6,14.7,14.0,29.623,24.6,28.4,East China Normal University,504,2016
2216,25.8,Taiwan,0.59,44.3,4,19.7,33.0,19.6,9.336,26.1,28.2,National Sun Yat-Sen University,505,2016
2217,34.8,Iran,0.52,55.7,1,7.7,25.7,25.6,14.08,24.5,28.1,Amirkabir University of Technology,506,2016
2218,35.3,Portugal,1.08,51.6,9,43.6,20.1,18.8,19.09,23.9,28.1,University of Minho,507,2016
2219,31.8,India,0.43,33.8,0,7.7,22.2,16.1,10.697,32.8,28.1,Jadavpur University,508,2016
2220,39.3,United States of America,1.0,43.1,10,41.7,17.5,15.1,21.379,22.9,28.1,Kansas State University,509,2016
2221,33.1,United States of America,0.96,33.7,7,25.6,22.7,21.4,21.27,27.5,27.9,Oklahoma State University,510,2016
2222,20.8,Finland,0.45,80.3,19,53.0,27.5,23.9,3.4859999999999998,27.1,27.8,Lappeenranta University of Technology,511,2016
2223,22.6,China,1.33,52.3,1,17.6,24.9,12.0,19.342,35.8,27.7,China Agricultural University,512,2016
2224,30.7,China,1.0,42.5,6,40.1,13.7,12.7,24.954,34.7,27.6,Renmin University of China,513,2016
2225,26.2,Israel,1.8599999999999999,30.3,1,34.7,29.5,30.8,17.758,25.5,27.5,University of Haifa,514,2016
2226,45.8,China,3.55,75.3,2,16.0,13.7,12.9,36.465,19.2,27.4,Soochow University,515,2016
2227,36.6,Republic of Ireland,0.85,34.0,13,76.5,16.3,19.8,12.212,19.8,27.4,University of Limerick,516,2016
2228,41.5,Hungary,1.78,30.7,25,81.7,10.6,10.9,12.92,19.6,27.4,Semmelweis University,517,2016
2229,32.0,Canada,0.89,30.4,18,61.3,24.0,29.8,25.036,19.9,27.4,Carleton University,518,2016
2230,31.9,New Zealand,1.63,35.8,15,80.5,17.1,16.8,19.101,23.1,27.3,Massey University,519,2016
2231,43.7,Australia,1.44,32.5,27,50.8,11.4,29.6,11.452,20.9,27.2,Central Queensland University,520,2016
2232,39.7,Germany,0.72,37.7,13,43.9,14.4,13.1,14.104,22.9,27.2,Otto von Guericke University of Magdeburg,521,2016
2233,45.9,United Kingdom,1.08,28.8,13,62.1,11.6,19.8,18.513,16.4,27.1,Liverpool John Moores University,522,2016
2234,30.1,Israel,0.96,28.7,2,52.9,21.3,12.6,16.695,25.1,27.1,Ben-Gurion University of the Negev,523,2016
2235,32.4,Portugal,1.04,35.4,9,46.6,18.3,17.5,47.849,25.9,27.0,University of Lisbon,524,2016
2236,25.5,China,0.52,70.4,4,25.8,22.5,12.3,29.863,28.7,26.7,Xi’an Jiaotong University,525,2016
2237,41.3,Canada,1.17,29.6,5,39.8,9.5,5.4,13.438,25.6,26.7,Université de Sherbrooke,526,2016
2238,24.4,Saudi Arabia,1.0,81.2,20,84.5,16.1,7.1,6.898,25.4,26.6,King Fahd University of Petroleum and Minerals,527,2016
2239,17.4,South Korea,0.8200000000000001,61.3,17,43.7,27.6,17.4,13.015,29.9,26.6,Chung-Ang University,528,2016
2240,16.2,Taiwan,1.33,81.9,19,38.1,31.3,13.0,11.072,26.2,26.5,National Taiwan Normal University,529,2016
2241,42.9,Czech Republic,2.33,28.7,9,48.8,11.8,11.4,18.54,19.2,26.4,Palacký University in Olomouc,530,2016
2242,44.7,France,1.0,31.7,12,53.0,10.3,13.9,22.186,17.8,26.4,University of Rennes 1,531,2016
2243,28.8,Turkey,0.79,60.0,7,26.7,17.3,22.2,25.779,29.9,26.4,Middle East Technical University,532,2016
2244,31.5,India,0.15,28.0,0,16.4,15.0,12.2,6.167,33.1,26.2,Indian Institute of Technology Kanpur,533,2016
2245,35.0,Australia,1.56,34.5,16,68.7,16.1,16.1,27.491,18.9,26.2,Edith Cowan University,534,2016
2246,23.1,Brazil,0.96,100.0,3,31.3,24.1,21.2,14.3,24.5,26.2,Pontifical Catholic University of Rio de Janeiro (PUC-Rio),535,2016
2247,45.5,United States of America,1.08,29.0,5,26.0,13.8,18.4,22.542,17.3,26.1,University of Wisconsin-Milwaukee,536,2016
2248,43.3,United States of America,1.17,44.6,8,31.6,14.4,22.2,20.398,16.8,26.1,Portland State University,537,2016
2249,46.5,Czech Republic,1.0,28.2,0,25.0,9.3,12.0,22.751,20.6,26.0,Czech Technical University in Prague,538,2016
2250,9.3,Iran,1.63,30.0,1,14.1,20.0,9.0,13.912,51.8,26.0,Tehran University of Medical Sciences,539,2016
2251,29.9,United States of America,1.0,32.9,9,37.7,13.4,17.5,19.465,31.6,25.9,University of Toledo,540,2016
2252,15.7,China,0.41000000000000003,99.8,7,25.6,27.3,10.8,31.658,29.4,25.9,Harbin Institute of Technology,541,2016
2253,28.3,Thailand,1.7000000000000002,71.6,3,44.1,15.1,7.5,27.402,26.8,25.8,Mahidol University,542,2016
2254,43.1,United States of America,1.94,28.9,2,17.4,15.3,19.2,16.446,18.2,25.7,University of North Carolina at Greensboro,543,2016
2255,35.6,Canada,1.44,48.3,10,53.3,15.8,14.6,15.464,18.1,25.6,Memorial University of Newfoundland,544,2016
2256,20.4,South Korea,1.04,66.8,12,32.9,24.7,19.7,24.929,27.5,25.6,Pusan National University,545,2016
2257,44.8,Spain,1.38,28.5,5,44.7,10.0,14.9,22.422,16.9,25.6,University of La Laguna,546,2016
2258,43.1,Spain,1.13,30.3,5,34.9,11.9,15.3,46.373,18.2,25.5,University of the Basque Country,547,2016
2259,27.8,Czech Republic,1.63,28.5,17,48.9,22.9,26.6,40.898,21.2,25.4,Masaryk University,548,2016
2260,41.9,Spain,1.17,34.1,5,36.2,10.8,13.7,24.21,19.5,25.4,University of Oviedo,549,2016
2261,28.7,United States of America,0.30000000000000004,52.8,12,40.6,18.4,15.5,7.647,23.5,25.2,Missouri University of Science and Technology,550,2016
2262,34.4,Japan,0.56,40.7,4,21.3,13.4,10.1,8.604,26.3,25.2,Osaka City University,551,2016
2263,16.9,Japan,0.37,39.9,5,19.4,24.1,14.4,5.865,34.9,25.2,Tokyo University of Agriculture and Technology,552,2016
2264,13.1,China,0.61,63.5,10,37.2,29.2,13.5,37.394,28.9,25.1,Tongji University,553,2016
2265,35.5,Japan,0.56,30.4,5,18.4,14.8,10.4,10.546,24.7,25.1,Kanazawa University,554,2016
2266,26.5,Turkey,0.52,72.1,5,22.9,25.8,16.0,34.55,19.2,25.1,Istanbul Technical University,555,2016
2267,32.1,Romania,2.03,28.6,2,35.4,12.5,23.5,37.915,27.9,25.0,Babeş-Bolyai University,556,2016
2268,38.7,Estonia,0.79,44.8,5,37.9,15.0,28.6,14.061,16.3,25.0,Tallinn University of Technology,557,2016
2269,30.3,United States of America,1.0,36.9,5,25.9,17.4,21.2,22.819,25.5,24.9,University of Arkansas,558,2016
2270,42.1,Slovenia,1.0,38.7,4,33.6,11.5,17.3,14.531,17.1,24.9,University of Maribor,559,2016
2271,36.2,Greece,0.56,40.3,7,31.3,15.0,26.9,14.78,20.2,24.9,National Technical University of Athens,560,2016
2272,24.6,United States of America,0.75,71.7,25,43.8,12.9,12.5,4.5969999999999995,29.7,24.8,University of Tulsa,561,2016
2273,41.0,India,0.85,28.1,1,14.1,8.8,23.9,16.691,24.6,24.8,Panjab University,562,2016
2274,40.1,United Kingdom,1.33,28.5,21,58.4,10.1,19.1,16.812,16.8,24.7,De Montfort University,563,2016
2275,28.1,China,0.49,86.8,3,17.5,22.1,17.7,41.438,19.5,24.7,South China University of Technology,564,2016
2276,29.8,Australia,1.17,36.2,24,54.6,19.3,28.6,11.221,18.4,24.6,University of Canberra,565,2016
2277,32.2,United States of America,0.33,32.2,17,48.5,16.6,26.2,10.646,18.9,24.3,New Jersey Institute of Technology,566,2016
2278,36.1,United States of America,1.13,30.2,7,24.8,15.7,20.5,16.37,19.2,24.2,Miami University,567,2016
2279,28.5,Japan,0.47000000000000003,41.4,5,22.7,17.5,11.9,33.751,25.0,24.2,Keio University,568,2016
2280,25.9,Spain,1.38,31.6,12,40.8,16.9,17.9,31.035,26.1,24.1,University of Salamanca,569,2016
2281,38.7,South Korea,0.75,35.4,3,25.2,12.2,15.5,11.704,18.9,24.1,Sejong University,570,2016
2282,32.6,Spain,1.22,36.7,7,32.0,14.9,17.5,64.931,21.5,24.0,University of Seville,571,2016
2283,21.0,United States of America,1.04,37.2,4,27.9,19.4,17.6,22.386,30.2,24.0,Auburn University,572,2016
2284,31.2,Colombia,0.79,28.0,2,51.7,13.8,16.9,15.773,21.2,23.9,University of the Andes Colombia,573,2016
2285,18.3,Brazil,1.17,42.9,2,25.1,19.7,12.8,52.878,32.4,23.9,Federal University of Rio de Janeiro,574,2016
2286,30.7,Poland,2.03,28.0,5,33.5,14.4,11.5,42.835,24.0,23.9,Jagiellonian University,575,2016
2287,36.4,Japan,1.0,37.9,3,16.1,10.2,3.7,4.122,24.0,23.8,Yokohama City University,576,2016
2288,36.2,Thailand,0.72,70.3,1,28.5,11.4,23.7,17.791,18.2,23.8,King Mongkut’s University of Technology Thonburi,577,2016
2289,3.1,Russian Federation,0.30000000000000004,68.1,4,15.6,23.7,4.0,18.808,44.0,23.8,Bauman Moscow State Technical University,578,2016
2290,34.3,Spain,0.56,43.8,7,32.9,12.7,13.6,33.172,20.3,23.8,Polytechnic University of Valencia,579,2016
2291,34.2,Canada,1.56,34.4,12,47.7,15.8,22.8,11.55,15.6,23.8,University of Regina,580,2016
2292,17.5,Taiwan,0.45,75.3,6,27.1,23.2,9.8,10.915,26.3,23.8,National Central University,581,2016
2293,27.6,Taiwan,0.72,31.9,0,15.7,24.7,12.6,7.506,19.3,23.8,Chang Gung University,582,2016
2294,27.0,United States of America,0.85,35.8,8,34.6,19.7,17.1,19.198,21.4,23.7,Clemson University,583,2016
2295,22.3,Saudi Arabia,1.0,57.4,7,75.5,17.5,13.4,40.666,20.0,23.7,King Saud University,584,2016
2296,40.3,Poland,0.52,47.4,3,20.7,8.5,14.5,34.572,19.4,23.7,Warsaw University of Technology,585,2016
2297,24.8,Japan,0.59,55.3,5,21.0,16.8,12.3,14.554,26.9,23.6,Chiba University,586,2016
2298,30.8,United Kingdom,1.33,28.3,14,57.8,10.6,18.2,28.037,22.7,23.6,Manchester Metropolitan University,587,2016
2299,29.5,Greece,1.08,33.6,9,36.6,15.0,22.2,46.288,22.6,23.5,Aristotle University of Thessaloniki,588,2016
2300,36.2,France,1.5,28.0,22,46.4,11.6,23.4,23.026,17.5,23.5,University of Paris North – Paris 13,589,2016
2301,23.5,China,0.49,93.3,2,20.7,19.0,15.2,34.326,22.6,23.5,Dalian University of Technology,590,2016
2302,23.4,Mexico,0.67,75.8,12,59.6,12.7,20.5,14.353,23.9,23.5,Monterrey Institute of Technology and Higher Education,591,2016
2303,31.2,Greece,0.89,66.5,6,39.2,18.8,57.5,13.167,13.4,23.4,Athens University of Economics and Business,592,2016
2304,24.8,Spain,0.75,34.8,9,44.7,17.4,11.4,15.73,23.2,23.3,Carlos III University of Madrid,593,2016
2305,17.5,South Africa,1.33,52.4,8,46.0,21.2,20.0,37.314,25.6,23.3,University of Pretoria,594,2016
2306,29.4,Japan,0.54,32.4,8,29.7,14.6,16.9,52.316,23.6,23.3,Waseda University,595,2016
2307,15.5,Russian Federation,1.0,28.0,12,44.4,16.3,7.0,5.395,34.3,23.1,Moscow Institute of Physics and Technology,596,2016
2308,20.5,South Korea,0.75,46.8,7,27.7,24.8,24.1,10.625,21.5,23.1,Sogang University,597,2016
2309,27.6,France,1.13,30.6,28,69.3,11.1,15.4,9.565,21.9,23.1,Paris Dauphine University,598,2016
2310,24.3,Japan,0.49,45.1,6,21.1,15.4,8.4,15.885,27.8,23.0,Kobe University,599,2016
2311,32.4,France,0.6900000000000001,31.8,18,60.3,8.6,14.5,19.599,20.0,22.9,Lille 1 University – Science and Technology,600,2016
2312,30.6,Hungary,1.0,29.3,4,43.0,12.1,22.4,28.698,21.3,22.8,Eötvös Loránd University,601,2016
2313,34.6,United Kingdom,1.13,28.5,15,48.5,11.2,21.4,22.525,16.9,22.8,University of the West of England,602,2016
2314,21.4,Japan,0.25,37.6,2,15.4,24.1,25.7,20.243,23.0,22.8,Tokyo University of Science,603,2016
2315,19.0,Taiwan,1.38,42.2,6,26.5,21.7,11.1,6.001,25.7,22.8,Taipei Medical University,604,2016
2316,24.0,Japan,1.08,51.1,1,16.7,10.5,3.7,3.955,32.3,22.8,Juntendo University,605,2016
2317,21.7,United Arab Emirates,3.17,30.1,26,95.0,14.8,12.5,9.221,18.8,22.6,United Arab Emirates University,606,2016
2318,22.7,United Kingdom,1.13,32.7,32,79.1,15.9,20.5,11.065,18.7,22.5,University of Bradford,607,2016
2319,24.6,United States of America,1.0,30.1,10,33.6,14.9,20.0,22.224,25.0,22.4,Ohio University,608,2016
2320,23.1,Brazil,1.22,30.7,1,21.6,15.4,13.5,42.612,27.9,22.3,Federal University of Minas Gerais,609,2016
2321,22.5,South Korea,0.56,64.7,3,23.5,20.0,24.1,20.353,20.7,22.3,Inha University,610,2016
2322,35.0,Pakistan,0.37,31.3,3,31.3,7.0,7.8,9.808,21.4,22.2,National University of Sciences and Technology,611,2016
2323,25.3,Japan,0.61,48.0,3,20.6,14.9,8.6,13.035,24.3,22.2,Okayama University,612,2016
2324,21.5,China,1.0,64.5,3,16.1,21.4,20.7,29.483,21.1,22.2,China University of Geosciences (Wuhan),613,2016
2325,24.6,United States of America,0.52,33.4,26,62.4,13.5,13.7,4.408,20.4,22.1,Florida Institute of Technology,614,2016
2326,7.6,Russian Federation,1.5,44.0,12,36.9,20.8,9.9,10.413,34.8,22.1,Tomsk State University,615,2016
2327,26.7,United Kingdom,1.13,28.5,34,76.8,12.1,20.9,20.778,16.9,21.9,Kingston University,616,2016
2328,24.0,Slovenia,1.5,32.3,4,34.5,13.6,17.6,48.821,24.9,21.9,University of Ljubljana,617,2016
2329,28.1,Japan,0.59,43.1,5,22.2,11.6,7.6,10.226,23.4,21.8,Kumamoto University,618,2016
2330,24.5,Spain,0.47000000000000003,38.3,11,39.5,14.6,13.8,41.5,21.8,21.8,Technical University of Madrid,619,2016
2331,34.4,Taiwan,0.56,33.9,7,21.1,13.7,23.9,20.213,14.6,21.6,Feng Chia University,620,2016
2332,29.2,United Kingdom,1.22,29.1,16,55.1,10.9,19.3,22.75,17.7,21.6,Northumbria University,621,2016
2333,10.0,Turkey,0.79,100.0,6,20.0,23.3,41.1,82.096,26.0,21.5,Istanbul University,622,2016
2334,28.6,Taiwan,0.75,39.8,4,17.7,18.3,20.6,8.663,16.2,21.5,Yuan Ze University,623,2016
2335,31.8,Spain,1.04,38.1,3,30.7,10.5,19.0,22.793,18.4,21.5,University of Vigo,624,2016
2336,28.3,Spain,1.13,43.3,18,50.0,11.2,25.1,30.812,17.6,21.4,University of Alcalá,625,2016
2337,20.5,Taiwan,1.27,33.2,5,19.9,22.2,12.6,7.009,20.6,21.3,Kaohsiung Medical University,626,2016
2338,16.1,China,0.92,90.8,2,15.7,18.4,14.5,65.035,25.0,21.3,Sichuan University,627,2016
2339,26.4,United Kingdom,1.17,29.3,11,60.5,11.9,18.9,10.665,17.9,21.3,University of Lincoln,628,2016
2340,28.8,Greece,0.85,48.3,4,30.6,12.1,40.9,29.251,18.5,21.3,University of Patras,629,2016
2341,26.1,Lithuania,1.8599999999999999,41.0,4,40.8,13.6,14.2,19.019,18.3,21.1,Vilnius University,630,2016
2342,24.5,Taiwan,0.64,42.5,4,16.9,16.8,20.3,15.632,20.2,21.0,National Chung Hsing University,631,2016
2343,7.1,France,2.23,28.5,21,44.2,21.3,27.4,21.58,31.1,21.0,Paris-Sorbonne University – Paris 4,632,2016
2344,30.5,Taiwan,1.13,38.4,3,18.3,15.9,26.3,12.119,14.4,20.9,Asia University Taiwan,633,2016
2345,19.8,India,1.0,29.2,0,13.1,8.7,32.5,18.511,34.7,20.8,University of Calcutta,634,2016
2346,27.6,Brazil,1.0,52.3,0,18.7,10.9,10.1,14.797,21.1,20.8,Pontifical Catholic University of Rio Grande do Sul (PUCRS),635,2016
2347,21.2,United Kingdom,1.04,28.8,25,66.4,12.1,17.0,16.152,20.8,20.8,University of Salford,636,2016
2348,21.4,South Korea,0.56,28.9,3,18.7,17.5,19.0,10.243,22.8,20.7,University of Seoul,637,2016
2349,30.5,Spain,1.27,29.7,3,28.6,10.3,14.3,26.381,18.4,20.7,University of Castilla-La Mancha,638,2016
2350,21.7,New Zealand,1.38,28.5,38,95.6,9.8,18.1,18.981,17.3,20.7,Auckland University of Technology,639,2016
2351,12.8,Japan,0.52,59.6,3,16.8,21.6,8.9,7.519,25.3,20.6,Tokushima University,640,2016
2352,28.0,Spain,1.63,29.5,6,28.3,11.7,15.8,31.46,19.3,20.6,University of Murcia,641,2016
2353,10.2,Malaysia,1.7000000000000002,34.2,16,50.1,20.9,12.2,23.883,25.3,20.5,Universiti Putra Malaysia,642,2016
2354,11.4,India,0.33,29.3,3,17.3,12.4,14.6,4.858,38.3,20.5,Savitribai Phule Pune University,643,2016
2355,22.5,Iran,0.47000000000000003,45.5,0,7.1,18.1,24.6,7.146,20.9,20.5,K.N. Toosi University of Technology,644,2016
2356,24.5,South Korea,0.8200000000000001,33.3,3,27.2,14.7,15.0,23.27,19.7,20.5,Chonbuk National University,645,2016
2357,30.0,Thailand,0.23,32.3,1,34.9,9.4,16.5,35.617,17.8,20.5,Chiang Mai University,646,2016
2358,21.1,United Kingdom,1.33,28.5,43,81.9,11.7,21.0,16.609,17.3,20.4,University of Westminster,647,2016
2359,12.4,Malaysia,1.56,34.4,10,44.2,16.6,14.8,28.179,26.9,20.2,Universiti Sains Malaysia,648,2016
2360,28.2,United Kingdom,1.33,28.9,17,54.1,9.4,17.5,18.542,15.7,20.1,University of Central Lancashire,649,2016
2361,24.9,Slovakia,0.45,33.2,2,30.6,8.6,15.3,16.4,23.3,20.0,Slovak University of Technology in Bratislava,650,2016
2362,29.1,South Korea,0.6900000000000001,31.4,3,20.4,11.7,18.5,35.779,17.5,20.0,Chonnam National University,651,2016
2363,20.9,India,0.2,29.6,2,18.7,10.0,10.5,11.197,28.3,20.0,Aligarh Muslim University,652,2016
2364,15.8,Japan,0.1,50.3,9,25.4,18.9,9.3,2.153,22.0,19.9,Toyohashi University of Technology,653,2016
2365,18.2,Taiwan,0.43,49.3,5,20.3,21.0,20.9,8.24,18.1,19.9,National Taiwan Ocean University,654,2016
2366,19.1,India,1.0,28.2,1,15.4,10.8,22.9,32.567,29.8,19.9,University of Delhi,655,2016
2367,27.3,United Kingdom,1.22,28.4,18,52.7,8.9,17.4,21.852,16.5,19.8,Nottingham Trent University,656,2016
2368,14.8,Colombia,1.0,43.6,1,42.0,21.1,23.0,38.872,18.1,19.8,University of Antioquia,657,2016
2369,3.9,Brazil,2.33,59.0,3,15.0,14.5,11.4,13.163,39.7,19.8,Federal University of Viçosa,658,2016
2370,22.3,Qatar,2.85,55.2,42,99.9,10.3,19.0,9.583,9.9,19.7,Qatar University,659,2016
2371,4.0,China,1.0,100.0,6,15.9,26.6,19.4,14.579,23.6,19.7,China University of Petroleum (Beijing),660,2016
2372,25.1,United States of America,0.52,30.4,13,29.8,13.4,13.5,12.965,17.4,19.6,Rochester Institute of Technology,661,2016
2373,24.2,United Kingdom,1.5,29.9,16,55.0,10.4,21.6,13.527,17.1,19.6,Glasgow Caledonian University,662,2016
2374,14.6,China,0.85,42.1,3,20.3,14.4,13.6,65.605,28.2,19.6,Jilin University,663,2016
2375,10.8,Russian Federation,0.75,67.2,13,33.7,17.5,6.7,4.441,24.8,19.6,National University of Science and Technology (MISiS),664,2016
2376,32.2,Brazil,0.01,28.0,2,18.6,6.5,10.9,7.741,18.4,19.6,Pontifical Catholic University of Paraná,665,2016
2377,26.5,South Korea,0.92,35.4,3,24.3,10.9,15.3,21.958,18.6,19.6,Yeungnam University,666,2016
2378,6.9,China,0.56,89.7,4,15.6,22.4,15.1,22.78,25.1,19.5,University of Science and Technology Beijing,667,2016
2379,28.3,China,0.92,30.7,0,30.7,9.1,13.5,9.593,17.6,19.5,Shantou University,668,2016
2380,23.4,Hungary,1.0,28.4,10,50.8,9.0,15.4,21.819,19.7,19.5,University of Pécs,669,2016
2381,29.8,Czech Republic,1.08,32.1,2,23.1,9.7,21.5,15.639,16.3,19.4,University of West Bohemia,670,2016
2382,17.0,South Korea,0.89,36.0,6,22.6,19.6,23.5,26.483,20.0,19.4,Konkuk University,671,2016
2383,19.6,Slovakia,1.17,28.0,10,46.9,10.3,9.7,20.879,23.0,19.4,Comenius University in Bratislava,672,2016
2384,16.7,Thailand,1.44,37.8,2,32.8,14.1,14.5,38.719,23.8,19.4,Chulalongkorn University,673,2016
2385,30.0,Japan,1.0,33.2,2,17.0,7.9,11.6,31.216,18.5,19.4,Kinki University,674,2016
2386,23.9,South Korea,0.49,45.7,2,20.0,11.9,11.3,12.706,19.5,19.3,Ajou University,675,2016
2387,16.3,China,2.33,28.8,3,18.8,14.9,7.1,11.506,26.3,19.3,Capital Medical University,676,2016
2388,15.7,Taiwan,1.0,40.8,1,14.2,20.3,22.9,11.989,21.3,19.3,National Chung Cheng University,677,2016
2389,6.7,Brazil,1.08,40.1,5,18.7,22.6,13.0,50.594,28.0,19.3,São Paulo State University (UNESP),678,2016
2390,16.0,Oman,1.0,37.6,3,71.5,10.6,9.0,7.089,21.3,19.3,Sultan Qaboos University,679,2016
2391,14.7,Japan,0.54,32.8,4,18.5,16.9,12.4,7.318,25.4,19.2,Gifu University,680,2016
2392,17.4,Taiwan,0.6900000000000001,41.9,3,18.7,22.1,30.2,15.02,15.9,19.0,Chung Yuan Christian University,681,2016
2393,17.4,Czech Republic,1.0,38.9,19,46.3,12.0,11.0,4.699,21.6,19.0,University of Chemistry and Technology Prague,682,2016
2394,20.5,Hungary,1.38,33.2,9,46.9,10.5,13.8,22.684,20.0,19.0,University of Szeged,683,2016
2395,18.1,South Korea,0.72,34.9,4,21.7,16.0,14.4,27.152,21.1,19.0,Kyungpook National University,684,2016
2396,20.9,Latvia,2.13,28.3,3,31.5,10.2,26.5,15.1,22.6,18.9,University of Latvia,685,2016
2397,21.2,China,0.75,46.7,2,14.8,15.0,24.7,42.756,18.3,18.8,Hunan University,686,2016
2398,21.6,Hungary,0.47000000000000003,39.7,4,30.4,13.7,22.1,22.447,17.1,18.8,Budapest University of Technology and Economics,687,2016
2399,9.9,Romania,2.33,29.5,2,21.3,11.5,24.9,31.806,34.3,18.8,University of Bucharest,688,2016
2400,20.1,United Kingdom,1.38,29.4,19,62.8,10.7,19.5,16.924,16.7,18.6,University of Brighton,689,2016
2401,13.2,South Korea,1.0,39.9,3,19.8,17.7,17.2,18.361,23.2,18.5,Chungnam National University,690,2016
2402,20.7,Republic of Ireland,0.6900000000000001,28.1,25,70.5,8.8,18.9,13.839,16.1,18.4,Dublin Institute of Technology,691,2016
2403,20.1,United States of America,1.7000000000000002,39.9,3,20.8,11.8,18.5,14.569,21.0,18.4,University of Southern Mississippi,692,2016
2404,14.2,Brazil,0.92,42.9,1,21.0,12.2,12.6,26.078,26.0,18.2,Federal University of Santa Catarina,693,2016
2405,17.7,United Kingdom,1.13,30.0,32,81.8,9.5,24.6,18.096,15.7,18.2,University of Greenwich,694,2016
2406,21.9,United States of America,1.5,30.3,2,23.3,11.9,19.8,14.584,18.1,18.0,Oakland University,695,2016
2407,18.4,Thailand,1.0,38.1,1,25.9,11.6,32.9,12.65,21.1,18.0,Suranaree University of Technology,696,2016
2408,14.4,Australia,1.22,28.8,21,63.0,13.1,29.2,13.761,18.4,18.0,University of Southern Queensland,697,2016
2409,19.7,Turkey,1.27,28.2,4,19.6,11.8,20.4,39.606,21.0,17.9,Hacettepe University,698,2016
2410,16.4,Taiwan,0.33,81.3,3,16.0,14.6,16.5,10.227,17.8,17.9,National Taipei University of Technology,699,2016
2411,23.4,Japan,0.49,29.6,2,20.6,9.6,11.7,7.469,18.6,17.8,Saitama University,700,2016
2412,16.8,Russian Federation,0.92,35.6,3,17.3,10.6,10.1,28.427,24.8,17.8,Ural Federal University,701,2016
2413,10.9,Malaysia,1.63,28.4,12,29.7,15.9,11.8,24.227,24.3,17.8,Universiti Kebangsaan Malaysia,702,2016
2414,11.4,Iran,1.08,58.9,1,13.8,19.0,24.9,17.8,20.5,17.7,Shahid Beheshti University,703,2016
2415,22.0,Japan,1.0,31.6,3,20.3,8.3,9.6,11.232,20.8,17.7,Shinshu University,704,2016
2416,18.4,United Kingdom,0.89,29.1,35,69.6,7.7,14.8,21.934,17.1,17.6,Coventry University,705,2016
2417,20.1,United Kingdom,1.13,28.6,15,47.0,9.4,18.8,27.477,17.3,17.6,Sheffield Hallam University,706,2016
2418,13.5,Japan,0.39,40.4,8,23.3,16.0,12.1,10.117,20.1,17.4,Yokohama National University,707,2016
2419,14.8,China,0.92,45.7,3,15.8,16.1,17.5,46.044,19.1,17.3,Shanghai University,708,2016
2420,14.0,Serbia,1.5,45.6,5,30.5,13.2,28.3,96.968,20.4,17.3,University of Belgrade,709,2016
2421,7.7,Japan,0.52,57.9,7,24.5,12.4,11.1,2.597,27.9,17.3,Tokyo University of Marine Science and Technology,710,2016
2422,10.9,Turkey,3.55,100.0,1,14.3,22.6,162.6,379.231,12.2,17.2,Anadolu University,711,2016
2423,17.5,Japan,0.56,41.5,3,17.6,10.2,7.5,8.051,21.6,17.1,Osaka Prefecture University,712,2016
2424,17.5,Japan,0.59,33.0,3,19.3,10.1,8.5,12.46,21.9,17.1,Niigata University,713,2016
2425,7.0,Romania,1.7000000000000002,28.2,5,46.9,13.6,33.0,25.724,24.9,16.9,Alexandru Ioan Cuza University,714,2016
2426,13.3,United Arab Emirates,0.92,33.3,82,95.6,10.6,14.1,5.226,12.4,16.8,American University of Sharjah,715,2016
2427,17.5,Japan,0.64,37.8,1,20.9,11.3,9.9,8.394,19.2,16.8,Ehime University,716,2016
2428,20.7,India,1.0,28.0,8,29.6,5.8,6.6,17.273,20.4,16.8,Amrita University,717,2016
2429,19.9,Thailand,1.63,35.7,1,31.5,7.4,16.9,39.669,18.2,16.6,Khon Kaen University,718,2016
2430,14.2,Japan,0.12,44.1,4,20.7,12.5,12.1,5.89,19.4,16.3,Kyushu Institute of Technology,719,2016
2431,15.3,Poland,2.45,28.7,1,25.7,11.0,15.6,40.633,20.0,16.3,Adam Mickiewicz University,720,2016
2432,14.0,Taiwan,1.33,31.3,10,33.1,12.5,18.4,16.867,18.4,16.3,National Chengchi University,721,2016
2433,22.2,Thailand,2.23,31.6,1,31.0,7.0,16.1,38.274,15.3,16.2,Prince of Songkla University,722,2016
2434,19.5,Kenya,0.67,28.0,1,45.5,9.0,47.0,72.676,13.7,16.1,University of Nairobi,723,2016
2435,16.6,Spain,1.08,38.2,2,23.4,10.0,13.0,17.062,18.3,16.0,University of A Coruña,724,2016
2436,16.4,Jordan,1.22,31.4,23,62.2,6.2,16.4,24.686,16.4,16.0,Jordan University of Science and Technology,725,2016
2437,20.4,Poland,1.8599999999999999,28.1,1,18.5,8.0,17.3,32.764,17.7,16.0,University of Silesia in Katowice,726,2016
2438,8.7,China,1.0,73.8,3,15.5,15.5,16.0,43.955,19.5,15.9,Chongqing University,727,2016
2439,14.2,Chile,0.89,41.1,1,45.2,9.7,17.8,13.794,16.7,15.8,Austral University of Chile,728,2016
2440,16.5,United Kingdom,1.17,28.0,25,55.2,5.4,18.1,15.436,17.4,15.7,University of Huddersfield,729,2016
2441,14.1,Egypt,0.85,29.7,1,33.7,8.2,23.3,127.431,20.3,15.6,Alexandria University,730,2016
2442,18.0,Turkey,0.85,30.3,2,17.2,10.9,28.0,28.079,15.5,15.4,Erciyes University,731,2016
2443,18.2,Taiwan,1.44,47.0,4,19.1,9.8,22.8,25.951,14.4,15.3,Fu Jen Catholic University,732,2016
2444,13.9,Indonesia,1.04,40.0,0,37.2,8.0,15.8,43.565,18.1,15.2,University of Indonesia,733,2016
2445,11.9,Egypt,0.89,30.3,3,31.0,11.1,39.1,231.941,18.9,15.2,Cairo University,734,2016
2446,4.2,Ukraine,0.8200000000000001,28.0,2,28.2,11.0,8.2,22.686,27.9,15.1,Taras Shevchenko National University of Kyiv,735,2016
2447,9.6,Japan,0.52,34.5,2,16.7,10.1,8.2,6.248,24.3,15.1,Tottori University,736,2016
2448,12.9,China,0.67,50.1,1,15.6,10.7,20.6,36.205,18.9,15.1,Ocean University of China,737,2016
2449,17.4,India,0.28,29.6,0,13.7,8.3,19.5,11.837,18.3,15.1,Birla Institute of Technology and Science Pilani,738,2016
2450,13.2,France,1.13,28.6,11,49.1,6.3,9.2,17.0,18.7,15.0,University of Cergy-Pontoise,739,2016
2451,12.3,Brazil,0.85,30.8,0,16.8,9.1,10.1,28.757,21.7,14.8,Rio de Janeiro State University (UERJ),740,2016
2452,10.2,Chile,0.64,31.0,1,40.4,11.3,23.6,22.739,17.6,14.8,University of Santiago Chile (USACH),741,2016
2453,19.3,Turkey,0.56,44.0,2,14.9,7.6,28.7,31.268,14.5,14.7,Yıldız Technical University,742,2016
2454,8.9,China,0.41000000000000003,83.7,2,12.8,12.1,16.4,31.618,17.9,14.6,Xidian University,743,2016
2455,15.3,Japan,0.37,34.4,1,19.3,7.6,12.7,29.7,17.9,14.4,Tokai University,744,2016
2456,8.8,China,0.27,28.0,0,13.4,12.9,9.8,21.689,20.5,14.3,University of Electronic Science and Technology of China,745,2016
2457,3.5,China,0.33,28.0,3,15.2,15.4,14.1,23.056,23.4,14.2,Northwestern Polytechnical University,746,2016
2458,18.2,Malaysia,1.8599999999999999,28.3,0,14.8,7.7,16.8,69.268,15.2,14.2,Universiti Teknologi MARA,747,2016
2459,10.4,Chile,0.8200000000000001,44.3,0,35.7,8.0,10.4,13.493,18.4,14.2,Pontifical Catholic University of Valparaíso,748,2016
2460,15.2,Poland,0.64,36.8,1,16.1,9.5,23.3,25.217,15.5,14.2,Gdańsk University of Technology,749,2016
2461,9.4,South Africa,1.8599999999999999,28.8,9,28.7,11.3,108.5,197.102,18.4,14.1,University of South Africa,750,2016
2462,1.2,India,0.56,31.3,3,7.2,6.9,20.2,10.407,34.8,14.0,Andhra University,751,2016
2463,7.8,Jordan,2.03,28.8,13,53.7,7.7,13.6,35.577,19.0,14.0,University of Jordan,752,2016
2464,12.1,Morocco,0.85,29.2,1,42.7,6.3,38.7,56.06,17.4,13.9,University of Marrakech Cadi Ayyad,753,2016
2465,13.3,Taiwan,0.8200000000000001,41.0,10,24.8,11.5,29.9,16.263,12.8,13.9,I-Shou University,754,2016
2466,9.2,Russian Federation,1.27,39.5,3,17.3,8.2,9.0,27.556,21.9,13.9,Southern Federal University,755,2016
2467,11.1,Czech Republic,1.22,28.3,4,23.4,11.9,19.8,10.671,15.9,13.8,University of Pardubice,756,2016
2468,6.0,Belarus,2.23,28.0,6,48.2,8.7,10.6,29.303,20.2,13.7,Belarusian State University,757,2016
2469,12.5,Argentina,1.63,28.6,2,28.1,9.0,38.1,108.373,16.0,13.7,National University of Córdoba,758,2016
2470,4.6,Nigeria,0.8200000000000001,29.2,1,26.1,11.1,17.1,26.247,22.7,13.7,University of Ibadan,759,2016
2471,5.3,Japan,1.13,29.5,8,32.8,9.4,24.3,12.799,22.0,13.5,Sophia University,760,2016
2472,1.7000000000000002,Ukraine,1.13,28.8,22,48.4,8.9,9.7,14.41,21.7,12.9,Karazin Kharkiv National University,761,2016
