x,y,region,attacktype1_txt,country_txt
-0.4604331847496813,0.7259415919732949,8,Armed Assault,Netherlands
-0.908536439461491,3.858273562189789,8,Armed Assault,Netherlands
0.1397710944649552,-0.16766198965011386,8,Armed Assault,Netherlands
0.14315179769139447,-0.35248365079295396,8,Armed Assault,Sweden
-0.5793819824309538,2.0901205271701975,8,Assassination,Spain
-0.21494354798456922,-0.2743283628062879,8,Armed Assault,France
-0.5463838358614413,-0.46861496937313174,10,Hijacking,Algeria
-0.4151807538099219,-0.5319513921702385,10,Assassination,Israel
-0.5463838358614413,-0.46861496937313174,11,Armed Assault,South Africa
-0.5463838358614413,-0.46861496937313174,10,Bombing/Explosion,Israel
-0.6954825917295763,-0.5381261192766318,8,Hijacking,Malta
-0.42405401505662743,-0.2190740776172762,10,Bombing/Explosion,Algeria
-0.6612001977245887,2.07616465586596,10,Bombing/Explosion,Algeria
-0.40476509276883055,-0.5358556634370282,8,Bombing/Explosion,United Kingdom
-0.3506578363210437,-0.4338543836359659,10,Bombing/Explosion,Algeria
-0.5302417452441589,-0.6011715702343187,8,Bombing/Explosion,United Kingdom
-0.5329993683297807,-0.5586298402993093,3,Armed Assault,Colombia
-0.40791192443934504,-0.35163067847846324,3,Bombing/Explosion,Peru
-0.20155908045290877,-0.36434323373246563,3,Bombing/Explosion,Colombia
-0.05325529690008894,-0.642099583587119,8,Facility/Infrastructure Attack,Belgium
-0.13733635096996008,-0.37474058016351436,11,Bombing/Explosion,South Africa
-0.48942165018731415,-0.5451364419326118,8,Bombing/Explosion,Spain
5.0856893256099855,2.678147388350607,11,Assassination,South Africa
-0.3945274569076846,-0.4416455494046409,8,Hostage Taking (Barricade Incident),Switzerland
-0.1224404733346278,0.08928964577161079,8,Facility/Infrastructure Attack,Spain
0.8218951475262447,0.5324530496428428,3,Bombing/Explosion,Colombia
0.44394549443483255,-0.3317363551736754,8,Unarmed Assault,Germany
-0.6068323324424626,0.21675343386995546,11,Bombing/Explosion,Uganda
-0.3506578363210437,-0.4338543836359659,8,Armed Assault,Germany
0.0358317317861421,-0.045582163912529866,8,Bombing/Explosion,Germany
0.340728686571844,-0.18829991391952736,3,Hostage Taking (Kidnapping),Colombia
-0.021480371242427358,-0.36049373701985754,2,Assassination,Haiti
-0.3945274569076846,-0.4416455494046409,8,Unarmed Assault,United Kingdom
-0.5463838358614413,-0.46861496937313174,3,Assassination,Colombia
-0.5158406678961928,0.026326345586551374,8,Armed Assault,Greece
-0.6179889680600752,1.469831833439162,11,Facility/Infrastructure Attack,Nigeria
-0.6179889680600752,1.469831833439162,8,Hostage Taking (Barricade Incident),France
-0.07405564526953798,-0.4771222599500926,8,Unarmed Assault,Greece
0.15214722176408468,-0.4587522250814178,3,Bombing/Explosion,Colombia
0.2241418664667317,-0.3380999601430923,3,Bombing/Explosion,Colombia
-0.11147628146416372,-0.5922091397966007,8,Unarmed Assault,United Kingdom
0.37324062233486677,-0.2685888102395921,3,Facility/Infrastructure Attack,Colombia
-0.3811429893760239,-0.5316604203308184,4,Bombing/Explosion,Japan
-0.22315440113767288,-0.5466334098535927,3,Bombing/Explosion,Colombia
-0.3965106432726622,0.607049890576925,3,Bombing/Explosion,Colombia
0.15391552744974193,1.5339690425527328,3,Unknown,Colombia
-0.6178753947149669,-0.6385383366338582,8,Bombing/Explosion,United Kingdom
-0.20882790982348576,-0.5446639474242408,8,Facility/Infrastructure Attack,Spain
-0.4385916737977813,-0.5797155050008267,4,Unarmed Assault,Japan
0.13809206057706708,0.10224841988168311,4,Unarmed Assault,Japan
-0.14879962749605166,-0.4410362073900648,4,Unarmed Assault,Japan
-0.6954825917295763,-0.5381261192766318,4,Unarmed Assault,Japan
-0.4760371826556537,-0.6351513128587895,4,Unarmed Assault,Japan
-0.32720547254642685,-0.21734816766723505,4,Unarmed Assault,Japan
-0.18170075586598639,-0.6213048907250216,4,Unarmed Assault,Japan
-0.7050698183112296,2.068373490097285,4,Unarmed Assault,Japan
1.6173306419718925,-0.5651630910362322,4,Unarmed Assault,Japan
3.057803134755963,2.0003389201046624,4,Unarmed Assault,Japan
2.7157129943849725,0.012011772893286398,11,Bombing/Explosion,South Africa
-0.3265885094330764,-0.17420711728848143,8,Unarmed Assault,United Kingdom
-2.0385678989205807,-0.7766556558868394,3,Hostage Taking (Kidnapping),Colombia
0.8245450263530857,-0.19016264925848309,8,Bombing/Explosion,Spain
-0.04081286912893559,-0.4218579531902491,8,Assassination,France
-0.4687683532850768,-0.45483059916701424,8,Facility/Infrastructure Attack,Spain
-0.5570106803074797,-0.42114182838196335,11,Hostage Taking (Kidnapping),Uganda
2.870594110861554,-1.066120331420513,11,Facility/Infrastructure Attack,Gambia
4.7446552076643576,-0.15207803624396218,11,Unknown,Uganda
-0.3811429893760239,-0.5316604203308184,3,Bombing/Explosion,Colombia
-0.20908667002063833,-0.08217536457284268,8,Bombing/Explosion,Greece
-0.256794671424923,-0.5744110491532244,3,Armed Assault,Colombia
-0.40791192443934504,-0.35163067847846324,8,Bombing/Explosion,United Kingdom
-0.3196695974169418,-0.385319449263514,8,Bombing/Explosion,Spain
1.3567234900704581,-0.39916864918066824,3,Hostage Taking (Kidnapping),Peru
2.075489778134569,0.2971589453273304,12,Hostage Taking (Kidnapping),Fiji
0.16392727339759722,-0.4578099024414351,8,Assassination,Spain
-0.486372124657518,-0.5933804044656434,11,Armed Assault,Liberia
-0.3196695974169418,-0.385319449263514,3,Assassination,Colombia
-0.3945274569076846,-0.4416455494046409,11,Hostage Taking (Kidnapping),Kenya
-0.31014621483188387,-0.6005101978629243,3,Hostage Taking (Kidnapping),Colombia
-0.10841847037261204,-0.5262565147662885,3,Bombing/Explosion,Chile
-2.0385678989205807,-0.7766556558868394,3,Hostage Taking (Kidnapping),Colombia
0.2996415617340717,-0.2982838816117573,2,Armed Assault,St. Lucia
-0.5806327837002863,-0.425337071488173,3,Armed Assault,Colombia
0.1426487118422734,-0.3032125484705531,3,Unknown,Colombia
-2.0251834313889203,-0.866670526813017,11,Armed Assault,Kenya
-0.33727336878938313,-0.5238692545621434,3,Armed Assault,Colombia
-0.5536443796702627,-0.5347390955015631,3,Armed Assault,Colombia
-0.5463838358614413,-0.46861496937313174,3,Armed Assault,Colombia
-0.3972850799933065,-0.3991038194696316,3,Assassination,Colombia
-0.4890717328328717,-0.15370339626580393,3,Bombing/Explosion,Argentina
0.03548181443169974,-0.4370152095793376,8,Armed Assault,Norway
-0.2455404257474712,0.2373118516262106,4,Bombing/Explosion,Hong Kong
-0.6312598622466273,-0.5485234657076806,11,Bombing/Explosion,Zimbabwe
-0.33727336878938313,-0.5238692545621434,3,Hijacking,Colombia
-0.5265255272524997,-0.3233357916871106,8,Bombing/Explosion,Spain
0.809781765639781,-0.033769978215837056,11,Armed Assault,Senegal
-0.3017241942518134,0.030466814138579323,8,Bombing/Explosion,Spain
0.38249109335235554,2.5627427051904617,3,Hostage Taking (Kidnapping),Colombia
-0.28029461199174505,-0.37199755199493556,11,Hostage Taking (Kidnapping),Uganda
-0.40476509276883055,-0.5358556634370282,11,Hostage Taking (Kidnapping),Uganda
-0.27631963380293323,-0.5566503562991257,8,Bombing/Explosion,Italy
-0.3945274569076846,-0.4416455494046409,11,Armed Assault,Zimbabwe
0.4365152110078212,-0.18554950843958568,3,Bombing/Explosion,Colombia
-0.7935316143003353,2.031434543043371,8,Bombing/Explosion,United Kingdom
0.07519016206580852,-0.6628942764492166,4,Facility/Infrastructure Attack,Taiwan
-0.6954825917295763,-0.5381261192766318,3,Assassination,Colombia
-0.19869586566481326,-0.4286693985296643,7,Assassination,Tajikistan
-0.5131410597208389,-0.4133506626132882,11,Hostage Taking (Kidnapping),Namibia
2.8720784637897103,-0.3498008970420163,11,Hijacking,Sudan
0.06328208179765066,1.8277849293877115,3,Assassination,Colombia
-0.27631963380293323,-0.5566503562991257,3,Bombing/Explosion,Colombia
-0.31262637001851556,0.31203536285445793,11,Hostage Taking (Kidnapping),Burundi
1.844490186596072,1.986776170319556,3,Hostage Taking (Kidnapping),Colombia
0.04806300810830915,-0.5862533331484358,3,Bombing/Explosion,Colombia
-0.2730506393064344,-0.5342666009931921,3,Bombing/Explosion,Colombia
-0.5538638486369655,-0.6053668133405283,8,Bombing/Explosion,France
0.3709136516208948,-0.19898823218999606,7,Assassination,Armenia
-0.486372124657518,-0.5933804044656434,11,Assassination,Rwanda
-0.15554879989399634,-0.4422348482775533,3,Assassination,Colombia
-0.20155908045290877,-0.36434323373246563,2,Assassination,Costa Rica
0.004493575527597886,-0.48555014395178936,4,Bombing/Explosion,China
-0.20155908045290877,-0.36434323373246563,7,Assassination,Tajikistan
-0.5672483161686259,-0.5153519424143507,8,Bombing/Explosion,Spain
-0.19921552263744546,-0.607791471333951,8,Facility/Infrastructure Attack,Germany
0.48982744243997917,-0.11878876401602712,11,Bombing/Explosion,Sudan
-0.33727336878938313,-0.5238692545621434,3,Bombing/Explosion,Colombia
-0.18930294744547552,-0.5624246402783396,3,Assassination,Colombia
0.2844912082698483,0.6114365779850229,7,Assassination,Tajikistan
-0.22282934046849665,-0.49779012687681684,3,Assassination,Colombia
0.02035204926246151,-0.49820792465161007,3,Assassination,Colombia
-0.5297945217489983,-0.3457195469930441,8,Assassination,United Kingdom
-0.22948120672572317,-0.6349697901898385,3,Hostage Taking (Kidnapping),Colombia
0.2658149647271405,0.06009711150302139,8,Bombing/Explosion,France
-0.28029461199174505,-0.37199755199493556,11,Assassination,Nigeria
-0.2818658856428717,0.1757459918246004,8,Bombing/Explosion,Spain
-0.48964111915401676,-0.6157641597715771,8,Bombing/Explosion,Spain
6.383197091241758,-1.4245815978600154,8,Bombing/Explosion,Spain
-0.4997565921891785,-0.5033655335394659,8,Bombing/Explosion,Spain
0.6207552091488152,-0.3502706137670009,8,Armed Assault,United Kingdom
-0.05645187389709672,-0.3385724546514633,8,Bombing/Explosion,United Kingdom
3.063020057536444,-0.0944036483549236,11,Facility/Infrastructure Attack,Zimbabwe
0.08795765050613806,-0.3938093630755706,11,Facility/Infrastructure Attack,Zimbabwe
-0.06584479211643429,-0.20481721290278773,8,Unarmed Assault,United Kingdom
2.2845443461303327,0.4564139154040666,8,Unarmed Assault,United Kingdom
2.220321616647384,0.46681126183511545,8,Assassination,Italy
-0.8440135219726126,3.956370570724063,8,Assassination,Spain
-0.17536566471618079,-0.4187719228254321,11,Armed Assault,Senegal
-0.24340191833150704,-0.5502293325160581,7,Bombing/Explosion,Azerbaijan
-0.5121014418564539,2.1456758057694607,1,Bombing/Explosion,United States
-0.8592676025241426,2.9867107115587856,1,Bombing/Explosion,United States
-1.0083663583922775,2.917199561655286,1,Bombing/Explosion,United States
-1.0083663583922775,2.917199561655286,1,Bombing/Explosion,United States
-1.0083663583922775,2.9171995616552855,1,Bombing/Explosion,United States
-0.8592676025241426,2.986710711558786,1,Bombing/Explosion,United States
-0.18254548948577537,-0.4470294118275072,1,Bombing/Explosion,United States
,,1,Bombing/Explosion,United States
,,1,Bombing/Explosion,United States
,,1,Bombing/Explosion,United States
,,1,Bombing/Explosion,United States
,,1,Bombing/Explosion,United States
,,1,Bombing/Explosion,United States
,,8,Facility/Infrastructure Attack,Spain
,,3,Bombing/Explosion,Colombia
,,3,Hostage Taking (Kidnapping),Colombia
,,8,Hostage Taking (Barricade Incident),Germany
,,11,Bombing/Explosion,Zimbabwe
,,3,Assassination,Colombia
,,3,Assassination,Colombia
,,7,Bombing/Explosion,Kyrgyzstan
,,3,Armed Assault,Guyana
,,4,Bombing/Explosion,China
,,3,Bombing/Explosion,Colombia
,,11,Bombing/Explosion,South Africa
,,11,Bombing/Explosion,South Africa
,,8,Bombing/Explosion,United Kingdom
,,11,Armed Assault,Uganda
,,8,Assassination,Greece
,,3,Bombing/Explosion,Colombia
,,3,Bombing/Explosion,Colombia
,,8,Bombing/Explosion,United Kingdom
,,11,Armed Assault,Uganda
,,3,Hostage Taking (Kidnapping),Guyana
,,3,Hostage Taking (Kidnapping),Colombia
,,4,Armed Assault,South Korea
,,3,Armed Assault,Venezuela
,,11,Hostage Taking (Kidnapping),Nigeria
,,11,Armed Assault,Uganda
,,8,Unarmed Assault,Germany
,,4,Assassination,Taiwan
,,8,Bombing/Explosion,Italy
,,7,Bombing/Explosion,Uzbekistan
,,7,Armed Assault,Uzbekistan
,,11,Armed Assault,Uganda
,,8,Bombing/Explosion,Greece
,,8,Armed Assault,United Kingdom
,,8,Armed Assault,United Kingdom
,,11,Bombing/Explosion,Somalia
,,8,Bombing/Explosion,Italy
,,3,Bombing/Explosion,Colombia
,,8,Bombing/Explosion,France
,,7,Bombing/Explosion,Georgia
,,8,Bombing/Explosion,Spain
,,11,Armed Assault,Mauritania
,,8,Bombing/Explosion,United Kingdom
,,8,Bombing/Explosion,United Kingdom
,,8,Bombing/Explosion,United Kingdom
,,8,Bombing/Explosion,United Kingdom
,,8,Facility/Infrastructure Attack,United Kingdom
,,11,Bombing/Explosion,Ethiopia
,,3,Hostage Taking (Kidnapping),Colombia
,,3,Armed Assault,Colombia
,,3,Armed Assault,Colombia
,,8,Facility/Infrastructure Attack,Sweden
,,11,Armed Assault,Burundi
,,11,Armed Assault,Nigeria
,,12,Bombing/Explosion,Australia
,,7,Assassination,Kyrgyzstan
,,11,Armed Assault,Sudan
,,3,Bombing/Explosion,Colombia
,,4,Armed Assault,South Korea
,,11,Assassination,Nigeria
,,8,Bombing/Explosion,Germany
,,8,Bombing/Explosion,United Kingdom
,,3,Bombing/Explosion,Colombia
,,8,Unarmed Assault,United Kingdom
,,11,Armed Assault,Somalia
,,8,Bombing/Explosion,Greece
,,8,Facility/Infrastructure Attack,Greece
,,11,Bombing/Explosion,Kenya
,,11,Armed Assault,Central African Republic
,,11,Armed Assault,Democratic Republic of the Congo
,,11,Armed Assault,Somalia
,,11,Bombing/Explosion,Somalia
,,8,Bombing/Explosion,United Kingdom
,,8,Bombing/Explosion,United Kingdom
,,8,Armed Assault,Finland
,,8,Hostage Taking (Kidnapping),Italy
,,3,Bombing/Explosion,Colombia
,,3,Armed Assault,Colombia
,,4,Bombing/Explosion,China
,,11,Hostage Taking (Kidnapping),Somalia
,,4,Bombing/Explosion,China
,,11,Bombing/Explosion,Somalia
,,11,Bombing/Explosion,Somalia
,,3,Hijacking,Peru
,,8,Facility/Infrastructure Attack,France
,,12,Bombing/Explosion,Australia
,,8,Facility/Infrastructure Attack,Germany
,,8,Facility/Infrastructure Attack,Greece
,,11,Hostage Taking (Kidnapping),Nigeria
,,11,Hostage Taking (Kidnapping),Nigeria
,,11,Hostage Taking (Kidnapping),Nigeria
,,3,Unknown,Colombia
,,3,Hostage Taking (Kidnapping),Ecuador
,,11,Armed Assault,Sudan
,,8,Bombing/Explosion,United Kingdom
,,11,Armed Assault,Somalia
,,8,Hostage Taking (Kidnapping),Greece
,,3,Assassination,Colombia
,,11,Hostage Taking (Kidnapping),Nigeria
,,11,Facility/Infrastructure Attack,Nigeria
,,11,Hostage Taking (Kidnapping),Uganda
,,8,Facility/Infrastructure Attack,United Kingdom
,,11,Bombing/Explosion,Somalia
,,11,Hostage Taking (Kidnapping),Somalia
,,3,Bombing/Explosion,Colombia
,,11,Armed Assault,Somalia
,,11,Armed Assault,Somalia
,,11,Hostage Taking (Kidnapping),Somalia
,,11,Armed Assault,Nigeria
,,11,Armed Assault,Zimbabwe
,,11,Bombing/Explosion,Burundi
,,11,Armed Assault,Nigeria
,,11,Armed Assault,Somalia
,,4,Facility/Infrastructure Attack,Japan
,,11,Hostage Taking (Kidnapping),Nigeria
,,11,Hostage Taking (Kidnapping),Nigeria
,,3,Assassination,Colombia
,,4,Armed Assault,China
,,4,Armed Assault,China
,,4,Bombing/Explosion,China
,,12,Unarmed Assault,New Zealand
,,3,Bombing/Explosion,Colombia
,,11,Hostage Taking (Kidnapping),Uganda
,,11,Armed Assault,Nigeria
,,11,Hijacking,Sudan
,,3,Bombing/Explosion,Colombia
,,5,Hostage Taking (Kidnapping),Philippines
,,5,Bombing/Explosion,Philippines
,,3,Armed Assault,Colombia
,,5,Facility/Infrastructure Attack,Philippines
,,5,Facility/Infrastructure Attack,Philippines
,,5,Armed Assault,Thailand
,,5,Bombing/Explosion,Indonesia
,,3,Bombing/Explosion,Colombia
,,8,Facility/Infrastructure Attack,Greece
,,11,Armed Assault,Somalia
,,3,Bombing/Explosion,Colombia
,,8,Facility/Infrastructure Attack,United Kingdom
,,11,Armed Assault,Central African Republic
,,11,Armed Assault,Sudan
,,11,Hostage Taking (Kidnapping),Somalia
,,4,Bombing/Explosion,Japan
,,8,Facility/Infrastructure Attack,Greece
,,11,Hostage Taking (Kidnapping),Nigeria
,,3,Bombing/Explosion,Colombia
,,11,Armed Assault,Sudan
,,11,Armed Assault,Sudan
,,3,Bombing/Explosion,Colombia
,,8,Bombing/Explosion,United Kingdom
,,11,Armed Assault,Somalia
,,11,Assassination,Somalia
,,11,Armed Assault,Somalia
,,3,Assassination,Colombia
,,11,Armed Assault,Nigeria
,,11,Armed Assault,Sudan
,,8,Armed Assault,Spain
,,11,Armed Assault,Nigeria
,,12,Facility/Infrastructure Attack,Australia
,,11,Armed Assault,Somalia
,,3,Unknown,Colombia
,,3,Bombing/Explosion,Colombia
,,8,Armed Assault,Germany
,,3,Armed Assault,Colombia
,,9,Armed Assault,Russia
,,3,Facility/Infrastructure Attack,Colombia
,,9,Armed Assault,Russia
,,3,Hostage Taking (Barricade Incident),Venezuela
,,8,Armed Assault,Greece
,,11,Hostage Taking (Kidnapping),Nigeria
,,11,Armed Assault,Somalia
,,3,Armed Assault,Colombia
,,8,Unknown,Greece
,,3,Armed Assault,Colombia
,,4,Facility/Infrastructure Attack,Japan
,,9,Unarmed Assault,Macedonia
,,9,Hostage Taking (Kidnapping),Russia
,,11,Unknown,Somalia
,,8,Armed Assault,United Kingdom
,,8,Armed Assault,France
,,3,Facility/Infrastructure Attack,Colombia
,,4,Bombing/Explosion,China
,,8,Armed Assault,France
,,11,Assassination,Somalia
,,11,Hostage Taking (Kidnapping),Somalia
,,11,Hostage Taking (Kidnapping),Lesotho
,,3,Armed Assault,Colombia
,,11,Hostage Taking (Kidnapping),Somalia
,,11,Assassination,Somalia
,,3,Armed Assault,Colombia
,,8,Assassination,Netherlands
,,9,Bombing/Explosion,Russia
,,9,Hostage Taking (Kidnapping),Russia
,,3,Bombing/Explosion,Colombia
,,7,Bombing/Explosion,Uzbekistan
,,11,Armed Assault,Somalia
,,11,Bombing/Explosion,Somalia
,,3,Facility/Infrastructure Attack,Colombia
,,8,Facility/Infrastructure Attack,Greece
,,11,Hostage Taking (Kidnapping),Nigeria
,,11,Assassination,Guinea-Bissau
,,3,Bombing/Explosion,Colombia
,,11,Armed Assault,Somalia
,,11,Armed Assault,Mali
,,8,Facility/Infrastructure Attack,Spain
,,9,Assassination,Russia
,,11,Hostage Taking (Kidnapping),Mauritania
,,8,Facility/Infrastructure Attack,Greece
,,11,Hostage Taking (Kidnapping),Sudan
,,8,Facility/Infrastructure Attack,Greece
,,11,Hostage Taking (Kidnapping),Somalia
,,3,Bombing/Explosion,Colombia
,,9,Bombing/Explosion,Russia
,,11,Bombing/Explosion,Mauritania
,,11,Armed Assault,Somalia
,,3,Armed Assault,Colombia
,,3,Armed Assault,Colombia
,,11,Armed Assault,Democratic Republic of the Congo
,,11,Bombing/Explosion,Rwanda
,,11,Armed Assault,Sudan
,,11,Armed Assault,Somalia
,,8,Bombing/Explosion,Italy
,,8,Armed Assault,Greece
,,3,Bombing/Explosion,Colombia
,,11,Hijacking,Somalia
,,11,Assassination,Somalia
,,3,Bombing/Explosion,Colombia
,,11,Hostage Taking (Kidnapping),Central African Republic
,,11,Hostage Taking (Kidnapping),Central African Republic
,,11,Hostage Taking (Kidnapping),Mali
,,9,Assassination,Russia
,,11,Armed Assault,Central African Republic
,,11,Bombing/Explosion,Somalia
,,11,Armed Assault,Sudan
,,3,Assassination,Colombia
,,9,Bombing/Explosion,Russia
,,3,Hostage Taking (Kidnapping),Colombia
,,8,Armed Assault,United Kingdom
,,9,Bombing/Explosion,Russia
,,9,Armed Assault,Russia
,,3,Facility/Infrastructure Attack,Colombia
,,9,Armed Assault,Russia
,,8,Armed Assault,United Kingdom
,,8,Armed Assault,United Kingdom
,,8,Facility/Infrastructure Attack,Greece
,,8,Armed Assault,United Kingdom
,,11,Bombing/Explosion,Somalia
,,11,Unknown,Somalia
,,11,Armed Assault,Kenya
,,11,Hostage Taking (Kidnapping),Somalia
,,3,Bombing/Explosion,Colombia
,,9,Bombing/Explosion,Russia
,,9,Bombing/Explosion,Russia
,,9,Bombing/Explosion,Russia
,,9,Assassination,Russia
,,3,Assassination,Colombia
,,11,Hostage Taking (Kidnapping),Nigeria
,,9,Armed Assault,Russia
,,9,Bombing/Explosion,Russia
,,11,Assassination,Somalia
,,11,Bombing/Explosion,Nigeria
,,8,Assassination,United Kingdom
,,11,Facility/Infrastructure Attack,Tanzania
,,11,Hostage Taking (Kidnapping),Nigeria
,,11,Assassination,Somalia
,,3,Armed Assault,Paraguay
,,3,Facility/Infrastructure Attack,Colombia
,,11,Bombing/Explosion,Burundi
,,11,Assassination,Somalia
,,9,Hijacking,Russia
,,9,Armed Assault,Russia
,,3,Armed Assault,Colombia
,,8,Facility/Infrastructure Attack,Greece
,,11,Hostage Taking (Kidnapping),Sudan
,,11,Armed Assault,Democratic Republic of the Congo
,,9,Armed Assault,Russia
,,4,Bombing/Explosion,China
,,11,Bombing/Explosion,Mauritania
,,11,Hostage Taking (Kidnapping),Nigeria
,,9,Facility/Infrastructure Attack,Belarus
,,11,Assassination,Somalia
,,9,Bombing/Explosion,Russia
,,7,Bombing/Explosion,Tajikistan
,,9,Bombing/Explosion,Russia
,,8,Bombing/Explosion,Denmark
,,11,Hijacking,Somalia
,,3,Bombing/Explosion,Argentina
,,11,Armed Assault,Sudan
,,3,Hostage Taking (Kidnapping),Colombia
,,11,Bombing/Explosion,Somalia
,,9,Hostage Taking (Barricade Incident),Russia
,,9,Armed Assault,Poland
,,11,Armed Assault,Somalia
,,8,Bombing/Explosion,Greece
,,8,Bombing/Explosion,Greece
,,8,Bombing/Explosion,Greece
,,8,Assassination,Greece
,,8,Assassination,Germany
,,8,Bombing/Explosion,Greece
,,8,Bombing/Explosion,Greece
,,8,Bombing/Explosion,Greece
,,8,Assassination,Italy
,,8,Bombing/Explosion,Greece
,,8,Bombing/Explosion,Greece
,,8,Bombing/Explosion,Greece
,,11,Armed Assault,Somalia
,,11,Unknown,Nigeria
,,3,Hostage Taking (Kidnapping),Colombia
,,11,Hostage Taking (Kidnapping),Sudan
,,8,Bombing/Explosion,Greece
,,8,Armed Assault,United Kingdom
,,8,Bombing/Explosion,United Kingdom
,,9,Armed Assault,Russia
,,11,Armed Assault,Nigeria
,,8,Armed Assault,United Kingdom
,,11,Armed Assault,Nigeria
,,11,Armed Assault,Ivory Coast
,,3,Facility/Infrastructure Attack,Colombia
,,9,Armed Assault,Russia
,,11,Armed Assault,Somalia
,,8,Bombing/Explosion,Sweden
,,8,Bombing/Explosion,Sweden
,,8,Facility/Infrastructure Attack,France
,,11,Bombing/Explosion,Sudan
,,11,Bombing/Explosion,Kenya
,,9,Bombing/Explosion,Russia
,,3,Hostage Taking (Kidnapping),Colombia
,,9,Facility/Infrastructure Attack,Russia
,,9,Bombing/Explosion,Russia
,,11,Facility/Infrastructure Attack,Mali
,,11,Bombing/Explosion,Nigeria
,,3,Bombing/Explosion,Colombia
,,9,Armed Assault,Russia
,,9,Bombing/Explosion,Russia
,,9,Assassination,Russia
,,11,Armed Assault,Nigeria
,,9,Assassination,Russia
,,11,Assassination,Mauritania
,,3,Bombing/Explosion,Colombia
,,3,Bombing/Explosion,Colombia
,,11,Armed Assault,Nigeria
,,11,Armed Assault,Nigeria
,,11,Bombing/Explosion,Somalia
,,11,Armed Assault,Nigeria
,,9,Armed Assault,Russia
,,9,Hostage Taking (Kidnapping),Russia
,,9,Bombing/Explosion,Russia
,,11,Assassination,Democratic Republic of the Congo
,,11,Armed Assault,Nigeria
,,9,Armed Assault,Russia
,,9,Armed Assault,Russia
,,11,Bombing/Explosion,Nigeria
,,8,Armed Assault,Germany
,,3,Hostage Taking (Kidnapping),Colombia
,,3,Bombing/Explosion,Colombia
,,11,Bombing/Explosion,Nigeria
,,11,Armed Assault,Nigeria
,,9,Armed Assault,Russia
,,3,Assassination,Colombia
,,3,Facility/Infrastructure Attack,Colombia
,,9,Bombing/Explosion,Russia
,,11,Armed Assault,Nigeria
,,8,Armed Assault,United Kingdom
,,11,Armed Assault,Nigeria
,,11,Armed Assault,Nigeria
,,11,Bombing/Explosion,Nigeria
,,9,Armed Assault,Russia
,,3,Bombing/Explosion,Colombia
,,9,Armed Assault,Russia
,,11,Armed Assault,Nigeria
,,8,Armed Assault,France
,,9,Bombing/Explosion,Belarus
,,11,Armed Assault,Somalia
,,9,Armed Assault,Russia
,,9,Armed Assault,Russia
,,3,Hostage Taking (Kidnapping),Colombia
,,9,Armed Assault,Russia
,,9,Bombing/Explosion,Russia
,,11,Armed Assault,Somalia
,,7,Bombing/Explosion,Kyrgyzstan
,,11,Unknown,Sudan
,,8,Bombing/Explosion,United Kingdom
,,9,Bombing/Explosion,Russia
,,11,Hostage Taking (Kidnapping),Sudan
,,11,Armed Assault,Somalia
,,11,Armed Assault,Nigeria
,,9,Bombing/Explosion,Russia
,,8,Facility/Infrastructure Attack,Greece
,,8,Facility/Infrastructure Attack,United Kingdom
,,7,Bombing/Explosion,Kazakhstan
,,9,Armed Assault,Russia
,,3,Armed Assault,Colombia
,,3,Armed Assault,Colombia
,,3,Armed Assault,Colombia
,,11,Armed Assault,Nigeria
,,11,Armed Assault,Nigeria
,,9,Armed Assault,Russia
,,3,Bombing/Explosion,Chile
,,3,Hijacking,Colombia
,,11,Assassination,Somalia
,,11,Armed Assault,Sudan
,,11,Armed Assault,Somalia
,,11,Bombing/Explosion,Nigeria
,,11,Armed Assault,Nigeria
,,11,Armed Assault,Nigeria
,,11,Armed Assault,Nigeria
,,11,Armed Assault,Nigeria
,,9,Bombing/Explosion,Russia
,,9,Bombing/Explosion,Russia
,,11,Bombing/Explosion,Rwanda
,,9,Bombing/Explosion,Russia
,,8,Armed Assault,Norway
,,8,Bombing/Explosion,Norway
,,11,Armed Assault,Sudan
,,4,Armed Assault,China
,,11,Armed Assault,Burundi
,,9,Bombing/Explosion,Russia
,,11,Armed Assault,Somalia
,,11,Armed Assault,Nigeria
,,11,Armed Assault,Burundi
,,9,Bombing/Explosion,Estonia
,,11,Armed Assault,Nigeria
,,11,Bombing/Explosion,Nigeria
,,8,Bombing/Explosion,United Kingdom
,,5,Bombing/Explosion,Thailand
,,11,Bombing/Explosion,Nigeria
,,11,Assassination,Somalia
,,11,Bombing/Explosion,Nigeria
,,9,Bombing/Explosion,Russia
,,11,Armed Assault,Nigeria
,,11,Armed Assault,Nigeria
,,5,Bombing/Explosion,Philippines
,,5,Bombing/Explosion,Philippines
,,5,Armed Assault,Thailand
,,11,Armed Assault,Nigeria
,,5,Armed Assault,Thailand
,,5,Armed Assault,Philippines
,,11,Armed Assault,Nigeria
,,5,Bombing/Explosion,Thailand
,,5,Bombing/Explosion,Thailand
,,5,Bombing/Explosion,Thailand
,,11,Armed Assault,Nigeria
,,9,Armed Assault,Russia
,,5,Hostage Taking (Kidnapping),Philippines
,,5,Bombing/Explosion,Philippines
,,11,Bombing/Explosion,Somalia
,,11,Armed Assault,Nigeria
,,11,Armed Assault,Nigeria
,,9,Bombing/Explosion,Russia
,,11,Armed Assault,Somalia
,,11,Armed Assault,Sudan
,,5,Bombing/Explosion,Indonesia
,,11,Hostage Taking (Kidnapping),Kenya
,,11,Armed Assault,Nigeria
,,11,Armed Assault,Nigeria
,,9,Bombing/Explosion,Russia
,,5,Unknown,Philippines
,,11,Bombing/Explosion,Somalia
,,11,Assassination,Somalia
,,11,Armed Assault,Nigeria
,,11,Hostage Taking (Kidnapping),Kenya
,,5,Armed Assault,Thailand
,,5,Armed Assault,Thailand
,,11,Armed Assault,Nigeria
,,11,Bombing/Explosion,Somalia
,,11,Armed Assault,Nigeria
,,5,Assassination,Indonesia
,,9,Armed Assault,Russia
,,9,Armed Assault,Bosnia-Herzegovina
,,11,Armed Assault,Nigeria
,,5,Armed Assault,Thailand
,,7,Bombing/Explosion,Kazakhstan
,,7,Bombing/Explosion,Kazakhstan
,,11,Bombing/Explosion,Nigeria
,,5,Facility/Infrastructure Attack,Philippines
,,5,Facility/Infrastructure Attack,Philippines
,,5,Hostage Taking (Kidnapping),Philippines
,,3,Bombing/Explosion,Chile
,,11,Bombing/Explosion,Nigeria
,,11,Assassination,Somalia
,,7,Bombing/Explosion,Kazakhstan
,,9,Bombing/Explosion,Russia
,,11,Armed Assault,Nigeria
,,5,Facility/Infrastructure Attack,Philippines
,,3,Hostage Taking (Kidnapping),Colombia
,,3,Facility/Infrastructure Attack,Colombia
,,11,Armed Assault,Nigeria
,,11,Armed Assault,Nigeria
,,9,Bombing/Explosion,Russia
,,11,Armed Assault,Somalia
,,5,Unknown,Philippines
,,11,Bombing/Explosion,Somalia
,,11,Bombing/Explosion,Somalia
,,5,Bombing/Explosion,Thailand
,,5,Bombing/Explosion,Thailand
,,3,Facility/Infrastructure Attack,Colombia
,,5,Armed Assault,Thailand
,,8,Armed Assault,Italy
,,8,Armed Assault,Italy
,,5,Assassination,Thailand
,,5,Bombing/Explosion,Thailand
,,11,Hostage Taking (Kidnapping),Nigeria
,,5,Armed Assault,Thailand
,,5,Armed Assault,Thailand
,,11,Armed Assault,Nigeria
,,5,Armed Assault,Philippines
,,11,Armed Assault,Nigeria
,,5,Armed Assault,Indonesia
,,5,Armed Assault,Thailand
,,11,Armed Assault,Nigeria
,,5,Armed Assault,Thailand
,,5,Assassination,Philippines
,,5,Assassination,Thailand
,,5,Armed Assault,Thailand
,,5,Bombing/Explosion,Thailand
,,5,Armed Assault,Thailand
,,11,Armed Assault,Nigeria
,,9,Assassination,Russia
,,11,Armed Assault,Nigeria
,,5,Bombing/Explosion,Philippines
,,5,Armed Assault,Thailand
,,5,Assassination,Philippines
,,11,Armed Assault,Nigeria
,,5,Bombing/Explosion,Thailand
,,11,Bombing/Explosion,Nigeria
,,11,Bombing/Explosion,Somalia
,,11,Bombing/Explosion,Nigeria
,,5,Armed Assault,Philippines
,,5,Armed Assault,Thailand
,,5,Bombing/Explosion,Philippines
,,11,Armed Assault,Kenya
,,11,Facility/Infrastructure Attack,Nigeria
,,11,Armed Assault,Nigeria
,,11,Facility/Infrastructure Attack,Nigeria
,,9,Bombing/Explosion,Russia
,,5,Bombing/Explosion,Thailand
,,5,Armed Assault,Philippines
,,5,Armed Assault,Thailand
,,11,Armed Assault,Nigeria
,,5,Armed Assault,Thailand
,,5,Armed Assault,Thailand
,,8,Armed Assault,France
,,8,Facility/Infrastructure Attack,Belgium
,,8,Armed Assault,France
,,5,Bombing/Explosion,Indonesia
,,8,Armed Assault,France
,,5,Armed Assault,Philippines
,,8,Bombing/Explosion,France
,,5,Bombing/Explosion,Philippines
,,11,Armed Assault,Nigeria
,,5,Bombing/Explosion,Thailand
,,11,Bombing/Explosion,Nigeria
,,5,Bombing/Explosion,Thailand
,,9,Bombing/Explosion,Russia
,,3,Bombing/Explosion,Chile
,,5,Bombing/Explosion,Thailand
,,11,Bombing/Explosion,Somalia
,,7,Assassination,Kazakhstan
,,5,Bombing/Explosion,Thailand
,,5,Armed Assault,Philippines
,,11,Bombing/Explosion,Nigeria
,,11,Armed Assault,Nigeria
,,11,Bombing/Explosion,Nigeria
,,11,Hostage Taking (Kidnapping),Nigeria
,,8,Armed Assault,United Kingdom
,,11,Bombing/Explosion,Somalia
,,3,Bombing/Explosion,Argentina
,,11,Assassination,Somalia
,,5,Bombing/Explosion,Philippines
,,9,Bombing/Explosion,Russia
,,9,Bombing/Explosion,Russia
,,5,Armed Assault,Philippines
,,3,Bombing/Explosion,Colombia
,,8,Assassination,Italy
,,5,Armed Assault,Philippines
,,11,Bombing/Explosion,Somalia
,,4,Bombing/Explosion,China
,,3,Armed Assault,Colombia
,,11,Bombing/Explosion,Somalia
,,11,Bombing/Explosion,Nigeria
,,11,Armed Assault,Somalia
,,5,Assassination,Philippines
,,5,Bombing/Explosion,Thailand
,,9,Bombing/Explosion,Belarus
,,8,Bombing/Explosion,United Kingdom
,,11,Bombing/Explosion,Somalia
,,9,Bombing/Explosion,Russia
,,3,Bombing/Explosion,Colombia
,,8,Bombing/Explosion,United Kingdom
,,11,Bombing/Explosion,Nigeria
,,11,Assassination,Somalia
,,5,Armed Assault,Thailand
,,5,Assassination,Thailand
,,11,Assassination,Nigeria
,,11,Bombing/Explosion,Somalia
,,8,Unarmed Assault,Greece
,,5,Armed Assault,Thailand
,,11,Bombing/Explosion,Nigeria
,,11,Bombing/Explosion,Nigeria
,,11,Armed Assault,Kenya
,,5,Armed Assault,Thailand
,,11,Bombing/Explosion,Nigeria
,,8,Armed Assault,Greece
,,9,Bombing/Explosion,Russia
,,9,Bombing/Explosion,Russia
,,5,Assassination,Philippines
,,4,Hijacking,China
,,11,Facility/Infrastructure Attack,Mali
,,5,Bombing/Explosion,Thailand
,,5,Bombing/Explosion,Thailand
,,5,Armed Assault,Malaysia
,,11,Assassination,Nigeria
,,9,Bombing/Explosion,Bulgaria
,,5,Armed Assault,Thailand
,,9,Armed Assault,Russia
,,11,Armed Assault,Kenya
,,11,Armed Assault,Somalia
,,11,Bombing/Explosion,Nigeria
,,11,Bombing/Explosion,Nigeria
,,9,Bombing/Explosion,Russia
,,9,Bombing/Explosion,Russia
,,11,Bombing/Explosion,Nigeria
,,3,Bombing/Explosion,Colombia
,,11,Bombing/Explosion,Nigeria
,,11,Bombing/Explosion,Nigeria
,,11,Armed Assault,Nigeria
,,9,Bombing/Explosion,Russia
,,11,Bombing/Explosion,Madagascar
,,9,Armed Assault,Russia
,,11,Bombing/Explosion,Nigeria
,,8,Bombing/Explosion,Greece
,,9,Bombing/Explosion,Russia
,,7,Armed Assault,Kazakhstan
,,8,Bombing/Explosion,France
,,9,Armed Assault,Russia
,,11,Bombing/Explosion,Nigeria
,,11,Assassination,Kenya
,,8,Facility/Infrastructure Attack,Greece
,,11,Armed Assault,Nigeria
,,9,Assassination,Russia
,,11,Bombing/Explosion,Nigeria
,,11,Bombing/Explosion,Nigeria
,,11,Bombing/Explosion,Somalia
,,11,Armed Assault,Kenya
,,11,Bombing/Explosion,Kenya
,,3,Bombing/Explosion,Colombia
,,11,Armed Assault,Nigeria
,,11,Bombing/Explosion,Nigeria
,,11,Bombing/Explosion,Nigeria
,,11,Bombing/Explosion,Nigeria
,,11,Facility/Infrastructure Attack,Kenya
,,8,Bombing/Explosion,Germany
,,11,Hostage Taking (Kidnapping),Nigeria
,,11,Armed Assault,Nigeria
,,11,Armed Assault,Nigeria
,,11,Armed Assault,Nigeria
,,11,Armed Assault,Nigeria
,,11,Armed Assault,Nigeria
,,8,Bombing/Explosion,Cyprus
,,11,Armed Assault,Nigeria
,,9,Bombing/Explosion,Russia
,,9,Bombing/Explosion,Croatia
,,11,Armed Assault,Kenya
,,11,Bombing/Explosion,Kenya
,,8,Armed Assault,Greece
,,11,Assassination,Somalia
,,9,Unarmed Assault,Bulgaria
,,11,Hostage Taking (Kidnapping),Nigeria
,,11,Armed Assault,Nigeria
,,11,Armed Assault,Nigeria
,,11,Armed Assault,Nigeria
,,11,Armed Assault,Nigeria
,,11,Armed Assault,Senegal
,,11,Facility/Infrastructure Attack,Nigeria
,,11,Bombing/Explosion,Nigeria
,,11,Facility/Infrastructure Attack,Nigeria
,,8,Assassination,Denmark
,,3,Bombing/Explosion,Colombia
,,11,Bombing/Explosion,Mali
,,11,Armed Assault,Mali
,,11,Bombing/Explosion,Somalia
,,9,Bombing/Explosion,Russia
,,11,Bombing/Explosion,Nigeria
,,8,Facility/Infrastructure Attack,Greece
,,11,Hostage Taking (Kidnapping),Cameroon
,,11,Armed Assault,Kenya
,,11,Bombing/Explosion,Mali
,,11,Assassination,South Africa
,,8,Bombing/Explosion,United Kingdom
,,11,Armed Assault,Kenya
,,11,Armed Assault,Kenya
,,8,Bombing/Explosion,United Kingdom
,,11,Bombing/Explosion,Somalia
,,11,Bombing/Explosion,Nigeria
,,11,Armed Assault,Nigeria
,,11,Armed Assault,Democratic Republic of the Congo
,,11,Bombing/Explosion,Nigeria
,,11,Assassination,Somalia
,,8,Bombing/Explosion,Cyprus
,,11,Armed Assault,Nigeria
,,11,Armed Assault,Kenya
,,11,Bombing/Explosion,Mali
,,11,Armed Assault,Kenya
,,11,Armed Assault,South Sudan
,,4,Bombing/Explosion,Taiwan
,,4,Bombing/Explosion,Taiwan
,,11,Armed Assault,Kenya
,,11,Assassination,Somalia
,,8,Armed Assault,Italy
,,9,Bombing/Explosion,Russia
,,3,Assassination,Colombia
,,11,Bombing/Explosion,Somalia
,,11,Bombing/Explosion,Mali
,,9,Bombing/Explosion,Russia
,,11,Bombing/Explosion,Mali
,,11,Bombing/Explosion,Mali
,,3,Bombing/Explosion,Colombia
,,3,Armed Assault,Colombia
,,8,Bombing/Explosion,Italy
,,11,Armed Assault,Burundi
,,9,Bombing/Explosion,Russia
,,8,Armed Assault,United Kingdom
,,3,Bombing/Explosion,Colombia
,,8,Facility/Infrastructure Attack,United Kingdom
,,9,Bombing/Explosion,Russia
,,11,Armed Assault,Mali
,,9,Bombing/Explosion,Russia
,,11,Bombing/Explosion,Kenya
,,9,Armed Assault,Russia
,,11,Bombing/Explosion,Kenya
,,3,Armed Assault,Colombia
,,11,Bombing/Explosion,Somalia
,,3,Bombing/Explosion,Colombia
,,3,Armed Assault,Colombia
,,3,Bombing/Explosion,Colombia
,,3,Facility/Infrastructure Attack,Peru
,,11,Bombing/Explosion,Somalia
,,11,Assassination,Somalia
,,11,Armed Assault,Nigeria
,,11,Armed Assault,Somalia
,,3,Bombing/Explosion,Colombia
,,11,Unarmed Assault,Tanzania
,,11,Facility/Infrastructure Attack,Nigeria
,,11,Armed Assault,Nigeria
,,11,Armed Assault,Kenya
,,11,Armed Assault,Somalia
,,7,Unarmed Assault,Kazakhstan
,,11,Armed Assault,Nigeria
,,11,Assassination,Burkina Faso
,,11,Bombing/Explosion,Somalia
,,3,Facility/Infrastructure Attack,Argentina
,,11,Facility/Infrastructure Attack,South Africa
,,11,Armed Assault,Nigeria
,,11,Armed Assault,Somalia
,,9,Bombing/Explosion,Russia
,,11,Bombing/Explosion,Kenya
,,11,Bombing/Explosion,Mali
,,11,Bombing/Explosion,Mali
,,11,Assassination,Somalia
,,9,Bombing/Explosion,Russia
,,11,Bombing/Explosion,Somalia
,,11,Armed Assault,Nigeria
,,9,Bombing/Explosion,Russia
,,11,Armed Assault,Somalia
,,9,Armed Assault,Russia
,,11,Bombing/Explosion,Mali
,,9,Facility/Infrastructure Attack,Russia
,,9,Armed Assault,Russia
,,4,Armed Assault,China
,,11,Armed Assault,Democratic Republic of the Congo
,,11,Bombing/Explosion,Somalia
,,9,Armed Assault,Russia
,,9,Unarmed Assault,Russia
,,4,Bombing/Explosion,China
,,11,Armed Assault,Somalia
,,11,Armed Assault,Somalia
,,11,Armed Assault,Nigeria
,,11,Bombing/Explosion,Somalia
,,9,Assassination,Russia
,,9,Bombing/Explosion,Russia
,,4,Armed Assault,China
,,3,Armed Assault,Colombia
,,11,Armed Assault,Somalia
,,11,Bombing/Explosion,Mali
,,11,Armed Assault,Somalia
,,11,Bombing/Explosion,Kenya
,,3,Armed Assault,Colombia
,,9,Bombing/Explosion,Russia
,,11,Armed Assault,Somalia
,,5,Bombing/Explosion,Thailand
,,5,Bombing/Explosion,Thailand
,,9,Bombing/Explosion,Montenegro
,,9,Bombing/Explosion,Russia
,,5,Armed Assault,Philippines
,,5,Assassination,Thailand
,,9,Bombing/Explosion,Russia
,,9,Bombing/Explosion,Russia
,,4,Armed Assault,China
,,11,Armed Assault,Democratic Republic of the Congo
,,5,Bombing/Explosion,Philippines
,,11,Bombing/Explosion,Central African Republic
,,5,Assassination,Philippines
,,5,Armed Assault,Philippines
,,11,Armed Assault,Sudan
,,5,Armed Assault,Philippines
,,5,Bombing/Explosion,Thailand
,,5,Bombing/Explosion,Thailand
,,5,Armed Assault,Thailand
,,5,Armed Assault,Thailand
,,5,Facility/Infrastructure Attack,Malaysia
,,4,Bombing/Explosion,Japan
,,5,Armed Assault,Thailand
,,5,Armed Assault,Thailand
,,5,Assassination,Philippines
,,11,Bombing/Explosion,Nigeria
,,9,Armed Assault,Russia
,,5,Assassination,Philippines
,,11,Hostage Taking (Kidnapping),Kenya
,,11,Armed Assault,Nigeria
,,5,Bombing/Explosion,Philippines
,,5,Assassination,Philippines
,,5,Armed Assault,Thailand
,,4,Bombing/Explosion,China
,,5,Facility/Infrastructure Attack,Philippines
,,5,Facility/Infrastructure Attack,Philippines
,,5,Armed Assault,Thailand
,,4,Bombing/Explosion,Japan
,,5,Armed Assault,Thailand
,,5,Armed Assault,Thailand
,,5,Armed Assault,Thailand
,,5,Armed Assault,Indonesia
,,5,Assassination,Philippines
,,4,Armed Assault,China
,,9,Facility/Infrastructure Attack,Ukraine
,,11,Armed Assault,Cameroon
,,3,Hostage Taking (Kidnapping),Colombia
,,11,Bombing/Explosion,Somalia
,,11,Armed Assault,Nigeria
,,11,Bombing/Explosion,Kenya
,,4,Armed Assault,China
,,11,Bombing/Explosion,Somalia
,,4,Bombing/Explosion,Japan
,,4,Armed Assault,China
,,11,Bombing/Explosion,Nigeria
,,11,Bombing/Explosion,Nigeria
,,11,Bombing/Explosion,Nigeria
,,4,Bombing/Explosion,Japan
,,11,Armed Assault,Somalia
,,11,Armed Assault,Nigeria
,,7,Hostage Taking (Kidnapping),Georgia
,,11,Bombing/Explosion,Nigeria
,,4,Bombing/Explosion,Japan
,,9,Assassination,Ukraine
,,11,Bombing/Explosion,Central African Republic
,,3,Bombing/Explosion,Colombia
,,9,Armed Assault,Russia
,,9,Facility/Infrastructure Attack,Ukraine
,,9,Facility/Infrastructure Attack,Ukraine
,,11,Bombing/Explosion,Nigeria
,,9,Facility/Infrastructure Attack,Ukraine
,,3,Facility/Infrastructure Attack,Colombia
,,11,Armed Assault,Nigeria
,,11,Hostage Taking (Kidnapping),South Sudan
,,9,Hostage Taking (Barricade Incident),Ukraine
,,11,Hostage Taking (Kidnapping),Cameroon
,,11,Assassination,Nigeria
,,9,Armed Assault,Ukraine
,,9,Unarmed Assault,Ukraine
,,4,Bombing/Explosion,China
,,9,Facility/Infrastructure Attack,Ukraine
,,11,Armed Assault,Somalia
,,11,Bombing/Explosion,Nigeria
,,9,Facility/Infrastructure Attack,Ukraine
,,11,Bombing/Explosion,Nigeria
,,11,Assassination,Somalia
,,9,Armed Assault,Ukraine
,,11,Bombing/Explosion,Nigeria
,,9,Facility/Infrastructure Attack,Ukraine
,,4,Bombing/Explosion,China
,,7,Armed Assault,Tajikistan
,,11,Armed Assault,Central African Republic
,,9,Bombing/Explosion,Ukraine
,,11,Armed Assault,Somalia
,,9,Armed Assault,Ukraine
,,4,Bombing/Explosion,China
,,9,Bombing/Explosion,Ukraine
,,9,Bombing/Explosion,Ukraine
,,11,Armed Assault,Nigeria
,,9,Assassination,Kosovo
,,3,Armed Assault,Colombia
,,11,Bombing/Explosion,Nigeria
,,9,Armed Assault,Ukraine
,,9,Armed Assault,Ukraine
,,11,Bombing/Explosion,Nigeria
,,11,Armed Assault,Kenya
,,11,Bombing/Explosion,Nigeria
,,9,Bombing/Explosion,Ukraine
,,3,Bombing/Explosion,Colombia
,,11,Bombing/Explosion,Mali
,,11,Bombing/Explosion,Somalia
,,11,Bombing/Explosion,Nigeria
,,11,Armed Assault,Nigeria
,,11,Armed Assault,Nigeria
,,11,Armed Assault,Nigeria
,,9,Assassination,Ukraine
,,9,Armed Assault,Russia
,,11,Hostage Taking (Kidnapping),Sudan
,,11,Bombing/Explosion,Kenya
,,3,Unarmed Assault,Colombia
,,3,Bombing/Explosion,Colombia
,,12,Facility/Infrastructure Attack,Australia
,,9,Bombing/Explosion,Ukraine
,,11,Armed Assault,Kenya
,,11,Armed Assault,Nigeria
,,11,Armed Assault,Nigeria
,,11,Unarmed Assault,Nigeria
,,3,Bombing/Explosion,Chile
,,9,Armed Assault,Ukraine
,,11,Bombing/Explosion,Nigeria
,,11,Assassination,Somalia
,,11,Armed Assault,Nigeria
,,3,Hostage Taking (Kidnapping),Brazil
,,4,Armed Assault,China
,,3,Armed Assault,Colombia
,,11,Bombing/Explosion,Kenya
,,9,Bombing/Explosion,Ukraine
,,11,Armed Assault,Kenya
,,9,Bombing/Explosion,Ukraine
,,11,Assassination,Somalia
,,11,Bombing/Explosion,Nigeria
,,3,Facility/Infrastructure Attack,Chile
,,11,Bombing/Explosion,Nigeria
,,9,Armed Assault,Russia
,,9,Armed Assault,Russia
,,9,Armed Assault,Russia
,,11,Armed Assault,Kenya
,,11,Facility/Infrastructure Attack,South Africa
,,12,Hostage Taking (Barricade Incident),Australia
,,11,Bombing/Explosion,Mali
,,11,Bombing/Explosion,Nigeria
,,11,Assassination,Somalia
,,9,Bombing/Explosion,Ukraine
,,11,Bombing/Explosion,Nigeria
,,9,Bombing/Explosion,Kosovo
,,11,Bombing/Explosion,Nigeria
,,11,Bombing/Explosion,Nigeria
,,9,Bombing/Explosion,Ukraine
,,9,Bombing/Explosion,Ukraine
,,9,Facility/Infrastructure Attack,Bulgaria
,,9,Bombing/Explosion,Ukraine
,,9,Bombing/Explosion,Ukraine
,,9,Bombing/Explosion,Ukraine
,,9,Bombing/Explosion,Ukraine
,,9,Bombing/Explosion,Ukraine
,,11,Armed Assault,Nigeria
,,11,Bombing/Explosion,Nigeria
,,11,Assassination,Kenya
,,11,Assassination,Somalia
,,11,Bombing/Explosion,Nigeria
,,11,Hostage Taking (Kidnapping),Sudan
,,11,Armed Assault,Somalia
,,11,Armed Assault,Niger
,,11,Bombing/Explosion,Niger
,,11,Armed Assault,South Sudan
,,9,Bombing/Explosion,Ukraine
,,9,Assassination,Russia
,,4,Assassination,South Korea
,,4,Armed Assault,China
,,4,Assassination,China
,,11,Hostage Taking (Barricade Incident),Democratic Republic of the Congo
,,4,Armed Assault,China
,,11,Armed Assault,Somalia
,,11,Bombing/Explosion,Nigeria
,,11,Assassination,Nigeria
,,11,Bombing/Explosion,Somalia
,,4,Facility/Infrastructure Attack,Japan
,,11,Hostage Taking (Barricade Incident),Kenya
,,11,Bombing/Explosion,Nigeria
,,11,Assassination,Guinea
,,11,Bombing/Explosion,Nigeria
,,11,Armed Assault,Somalia
,,11,Bombing/Explosion,Somalia
,,5,Bombing/Explosion,Philippines
,,5,Bombing/Explosion,Philippines
,,5,Bombing/Explosion,Philippines
,,5,Bombing/Explosion,Thailand
,,5,Assassination,Thailand
,,11,Assassination,Sudan
,,11,Armed Assault,Somalia
,,9,Armed Assault,Bosnia-Herzegovina
,,11,Bombing/Explosion,Mali
,,11,Bombing/Explosion,Burundi
,,5,Armed Assault,Philippines
,,5,Hostage Taking (Kidnapping),Philippines
,,11,Assassination,Somalia
,,5,Bombing/Explosion,Philippines
,,11,Bombing/Explosion,Nigeria
,,5,Armed Assault,Philippines
,,5,Bombing/Explosion,Philippines
,,3,Armed Assault,Colombia
,,5,Armed Assault,Thailand
,,5,Armed Assault,Philippines
,,11,Armed Assault,Kenya
,,5,Hostage Taking (Kidnapping),Malaysia
,,3,Armed Assault,Colombia
,,11,Armed Assault,Mali
,,5,Armed Assault,Philippines
,,5,Bombing/Explosion,Philippines
,,4,Bombing/Explosion,China
,,5,Bombing/Explosion,Philippines
,,11,Armed Assault,Chad
,,5,Bombing/Explosion,Philippines
,,5,Bombing/Explosion,Philippines
,,11,Assassination,Somalia
,,5,Armed Assault,Thailand
,,11,Bombing/Explosion,Nigeria
,,11,Bombing/Explosion,Nigeria
,,5,Hostage Taking (Kidnapping),Philippines
,,5,Armed Assault,Philippines
,,5,Assassination,Philippines
,,5,Armed Assault,Philippines
,,11,Bombing/Explosion,Nigeria
,,11,Bombing/Explosion,Kenya
,,5,Assassination,Philippines
,,5,Bombing/Explosion,Philippines
,,5,Armed Assault,Philippines
,,5,Armed Assault,Philippines
,,5,Assassination,Thailand
,,5,Armed Assault,Philippines
,,4,Unarmed Assault,China
,,5,Armed Assault,Philippines
,,5,Assassination,Philippines
,,4,Armed Assault,China
,,5,Assassination,Philippines
,,5,Armed Assault,Philippines
,,5,Armed Assault,Philippines
,,5,Bombing/Explosion,Philippines
,,5,Bombing/Explosion,Philippines
,,5,Armed Assault,Philippines
,,5,Armed Assault,Philippines
,,5,Bombing/Explosion,Philippines
,,5,Bombing/Explosion,Philippines
,,9,Bombing/Explosion,Russia
,,5,Bombing/Explosion,Philippines
,,11,Bombing/Explosion,Chad
,,11,Bombing/Explosion,Nigeria
,,9,Hostage Taking (Kidnapping),Ukraine
,,11,Bombing/Explosion,Niger
,,9,Bombing/Explosion,Ukraine
,,4,Armed Assault,China
,,11,Armed Assault,Sudan
,,11,Bombing/Explosion,Nigeria
,,11,Assassination,Somalia
,,4,Armed Assault,China
,,4,Armed Assault,China
,,11,Bombing/Explosion,Nigeria
,,11,Assassination,Burundi
,,9,Bombing/Explosion,Ukraine
,,11,Assassination,Somalia
,,11,Armed Assault,Somalia
,,11,Armed Assault,Somalia
,,9,Bombing/Explosion,Ukraine
,,11,Bombing/Explosion,Nigeria
,,11,Bombing/Explosion,Nigeria
,,11,Hostage Taking (Barricade Incident),Kenya
,,11,Bombing/Explosion,Somalia
,,9,Armed Assault,Ukraine
,,11,Bombing/Explosion,Somalia
,,11,Armed Assault,Somalia
,,11,Bombing/Explosion,Kenya
,,9,Armed Assault,Russia
,,9,Armed Assault,Ukraine
,,7,Facility/Infrastructure Attack,Uzbekistan
,,6,Armed Assault,India
,,11,Bombing/Explosion,Burundi
,,11,Bombing/Explosion,Nigeria
,,11,Bombing/Explosion,Nigeria
,,11,Bombing/Explosion,Nigeria
,,11,Bombing/Explosion,Nigeria
,,11,Bombing/Explosion,Nigeria
,,6,Armed Assault,Bangladesh
,,6,Armed Assault,India
,,11,Bombing/Explosion,Niger
,,11,Bombing/Explosion,South Sudan
,,6,Armed Assault,Bangladesh
,,6,Bombing/Explosion,Afghanistan
,,6,Bombing/Explosion,Afghanistan
,,11,Hostage Taking (Kidnapping),Burkina Faso
,,6,Bombing/Explosion,Afghanistan
,,6,Armed Assault,Pakistan
,,10,Armed Assault,Israel
,,10,Armed Assault,West Bank and Gaza Strip
,,10,Armed Assault,Libya
,,10,Armed Assault,West Bank and Gaza Strip
,,6,Bombing/Explosion,India
,,6,Bombing/Explosion,Afghanistan
,,11,Armed Assault,Somalia
,,11,Bombing/Explosion,Nigeria
,,6,Bombing/Explosion,Pakistan
,,11,Assassination,Nigeria
,,6,Bombing/Explosion,Afghanistan
,,11,Bombing/Explosion,Niger
,,6,Bombing/Explosion,Pakistan
,,6,Bombing/Explosion,Afghanistan
,,6,Bombing/Explosion,Pakistan
,,11,Armed Assault,Somalia
,,6,Bombing/Explosion,Bangladesh
,,6,Hostage Taking (Kidnapping),Afghanistan
,,11,Bombing/Explosion,Nigeria
,,11,Bombing/Explosion,Nigeria
,,6,Facility/Infrastructure Attack,India
,,6,Assassination,Nepal
,,6,Assassination,Bangladesh
,,11,Bombing/Explosion,Somalia
,,6,Bombing/Explosion,India
,,6,Armed Assault,Afghanistan
,,6,Bombing/Explosion,India
,,6,Armed Assault,Pakistan
,,6,Armed Assault,Bangladesh
,,6,Bombing/Explosion,Afghanistan
,,6,Armed Assault,Bangladesh
,,6,Armed Assault,Pakistan
,,9,Facility/Infrastructure Attack,Russia
,,11,Bombing/Explosion,Burundi
,,6,Armed Assault,Afghanistan
,,6,Bombing/Explosion,India
,,7,Armed Assault,Kyrgyzstan
,,11,Hostage Taking (Barricade Incident),Mali
,,6,Bombing/Explosion,Afghanistan
,,6,Assassination,Bangladesh
,,6,Assassination,India
,,4,Bombing/Explosion,Japan
,,6,Facility/Infrastructure Attack,India
,,6,Assassination,Bangladesh
,,6,Bombing/Explosion,India
,,6,Bombing/Explosion,Afghanistan
,,7,Armed Assault,Kyrgyzstan
,,6,Bombing/Explosion,Afghanistan
,,11,Bombing/Explosion,Nigeria
,,6,Bombing/Explosion,Afghanistan
,,6,Assassination,Pakistan
,,6,Armed Assault,Pakistan
,,11,Facility/Infrastructure Attack,Tanzania
,,11,Assassination,Burundi
,,6,Bombing/Explosion,Afghanistan
,,4,Unarmed Assault,China
,,6,Bombing/Explosion,Afghanistan
,,6,Bombing/Explosion,Afghanistan
,,11,Bombing/Explosion,Burundi
,,6,Armed Assault,Bangladesh
,,6,Armed Assault,Bangladesh
,,6,Assassination,India
,,11,Bombing/Explosion,Cameroon
,,11,Bombing/Explosion,Nigeria
,,6,Hostage Taking (Barricade Incident),Nepal
,,6,Bombing/Explosion,Pakistan
,,6,Bombing/Explosion,Afghanistan
,,6,Facility/Infrastructure Attack,India
,,6,Bombing/Explosion,Afghanistan
,,11,Armed Assault,Somalia
,,11,Bombing/Explosion,Nigeria
,,6,Bombing/Explosion,India
,,6,Bombing/Explosion,Bangladesh
,,6,Assassination,India
,,6,Hostage Taking (Kidnapping),India
,,11,Bombing/Explosion,Kenya
,,11,Bombing/Explosion,Kenya
,,6,Bombing/Explosion,Pakistan
,,6,Bombing/Explosion,Afghanistan
,,9,Armed Assault,Russia
,,11,Assassination,Somalia
,,6,Hostage Taking (Kidnapping),India
,,11,Armed Assault,Somalia
,,6,Bombing/Explosion,India
,,6,Armed Assault,Afghanistan
,,6,Assassination,Afghanistan
,,6,Facility/Infrastructure Attack,India
,,6,Bombing/Explosion,Afghanistan
,,6,Bombing/Explosion,Pakistan
,,6,Armed Assault,Pakistan
,,6,Bombing/Explosion,Pakistan
,,11,Armed Assault,Sudan
,,11,Hostage Taking (Barricade Incident),Burkina Faso
,,11,Bombing/Explosion,Burkina Faso
,,6,Assassination,Pakistan
,,6,Bombing/Explosion,Pakistan
,,6,Armed Assault,India
,,11,Hostage Taking (Kidnapping),Mali
,,11,Bombing/Explosion,Kenya
,,11,Bombing/Explosion,Chad
,,11,Bombing/Explosion,Chad
,,11,Bombing/Explosion,Somalia
,,11,Bombing/Explosion,Mali
,,11,Armed Assault,Mozambique
,,11,Bombing/Explosion,Cameroon
,,7,Assassination,Kyrgyzstan
,,11,Assassination,Somalia
,,11,Bombing/Explosion,Burundi
,,11,Armed Assault,Nigeria
,,9,Bombing/Explosion,Ukraine
,,11,Bombing/Explosion,Somalia
,,11,Bombing/Explosion,Somalia
,,4,Facility/Infrastructure Attack,Taiwan
,,9,Armed Assault,Russia
,,11,Bombing/Explosion,Somalia
,,9,Facility/Infrastructure Attack,Ukraine
,,11,Hostage Taking (Kidnapping),Cameroon
,,11,Armed Assault,Ivory Coast
,,11,Armed Assault,Somalia
,,11,Armed Assault,Somalia
,,11,Bombing/Explosion,Niger
,,11,Bombing/Explosion,Nigeria
,,11,Armed Assault,Mali
,,11,Armed Assault,Uganda
,,11,Bombing/Explosion,Cameroon
,,9,Bombing/Explosion,Russia
,,11,Assassination,Somalia
,,11,Assassination,Burundi
,,11,Hostage Taking (Kidnapping),Nigeria
,,11,Armed Assault,Kenya
,,11,Armed Assault,South Africa
,,11,Armed Assault,Somalia
,,11,Assassination,Burundi
,,11,Bombing/Explosion,Somalia
,,11,Bombing/Explosion,Nigeria
,,11,Armed Assault,Nigeria
,,11,Bombing/Explosion,Somalia
,,11,Armed Assault,Burundi
,,11,Armed Assault,Nigeria
,,9,Assassination,Russia
,,11,Bombing/Explosion,Nigeria
,,11,Bombing/Explosion,Tanzania
,,9,Bombing/Explosion,Poland
,,11,Bombing/Explosion,Somalia
,,11,Hostage Taking (Kidnapping),Nigeria
,,9,Bombing/Explosion,Poland
,,11,Armed Assault,Nigeria
,,11,Armed Assault,Nigeria
,,11,Assassination,Somalia
,,11,Assassination,Somalia
,,11,Facility/Infrastructure Attack,Democratic Republic of the Congo
,,9,Hostage Taking (Barricade Incident),Russia
,,11,Assassination,Somalia
,,10,Assassination,Libya
,,10,Armed Assault,Egypt
,,11,Facility/Infrastructure Attack,Mozambique
,,10,Bombing/Explosion,Lebanon
,,11,Assassination,Somalia
,,10,Bombing/Explosion,Yemen
,,10,Bombing/Explosion,Yemen
,,10,Bombing/Explosion,Yemen
,,10,Bombing/Explosion,Yemen
,,10,Bombing/Explosion,Iraq
,,10,Bombing/Explosion,Turkey
,,10,Bombing/Explosion,Iraq
,,10,Bombing/Explosion,Iraq
,,10,Bombing/Explosion,Iraq
,,10,Bombing/Explosion,Iraq
,,10,Bombing/Explosion,Saudi Arabia
,,10,Bombing/Explosion,Saudi Arabia
,,10,Bombing/Explosion,Saudi Arabia
,,10,Bombing/Explosion,Syria
,,10,Armed Assault,Turkey
,,10,Bombing/Explosion,Iraq
,,10,Bombing/Explosion,Iraq
,,10,Armed Assault,West Bank and Gaza Strip
,,11,Facility/Infrastructure Attack,Kenya
,,10,Bombing/Explosion,Turkey
,,10,Bombing/Explosion,Iraq
,,11,Bombing/Explosion,Kenya
,,10,Bombing/Explosion,Iraq
,,11,Bombing/Explosion,Kenya
,,10,Armed Assault,Iraq
,,7,Hostage Taking (Barricade Incident),Armenia
,,10,Bombing/Explosion,Israel
,,11,Armed Assault,Somalia
,,11,Bombing/Explosion,Nigeria
,,10,Bombing/Explosion,Iraq
,,10,Bombing/Explosion,Yemen
,,10,Armed Assault,West Bank and Gaza Strip
,,11,Assassination,Nigeria
,,10,Bombing/Explosion,Libya
,,10,Armed Assault,Iraq
,,10,Bombing/Explosion,Yemen
,,9,Assassination,Ukraine
,,10,Assassination,Libya
,,10,Bombing/Explosion,Iraq
,,10,Bombing/Explosion,Iraq
,,11,Armed Assault,Somalia
,,10,Assassination,West Bank and Gaza Strip
,,10,Armed Assault,Egypt
,,4,Hostage Taking (Barricade Incident),Japan
,,10,Bombing/Explosion,Iraq
,,10,Bombing/Explosion,Iraq
,,10,Bombing/Explosion,Syria
,,10,Bombing/Explosion,Egypt
,,11,Armed Assault,Somalia
,,10,Bombing/Explosion,Iraq
,,11,Bombing/Explosion,Somalia
,,10,Armed Assault,West Bank and Gaza Strip
,,10,Armed Assault,Iraq
,,10,Bombing/Explosion,Iraq
,,10,Bombing/Explosion,Libya
,,10,Bombing/Explosion,Yemen
,,11,Assassination,Somalia
,,10,Armed Assault,Israel
,,10,Bombing/Explosion,Saudi Arabia
,,10,Bombing/Explosion,Iraq
,,10,Assassination,Iraq
,,11,Bombing/Explosion,Somalia
,,10,Bombing/Explosion,Iraq
,,10,Armed Assault,West Bank and Gaza Strip
,,10,Bombing/Explosion,Iraq
,,10,Armed Assault,Iraq
,,10,Armed Assault,West Bank and Gaza Strip
,,10,Armed Assault,Iraq
,,10,Bombing/Explosion,Syria
,,10,Bombing/Explosion,Iraq
,,9,Armed Assault,Russia
,,10,Bombing/Explosion,Turkey
,,10,Bombing/Explosion,Iraq
,,10,Bombing/Explosion,Turkey
,,10,Bombing/Explosion,Iraq
,,11,Bombing/Explosion,Cameroon
,,10,Bombing/Explosion,Iraq
,,10,Armed Assault,Egypt
,,10,Assassination,Yemen
,,10,Armed Assault,Iraq
,,10,Bombing/Explosion,Saudi Arabia
,,10,Armed Assault,Egypt
,,11,Armed Assault,Somalia
,,11,Armed Assault,Sudan
,,10,Bombing/Explosion,Libya
,,10,Bombing/Explosion,Iraq
,,10,Bombing/Explosion,Iraq
,,10,Bombing/Explosion,Turkey
,,9,Bombing/Explosion,Russia
,,11,Facility/Infrastructure Attack,Mozambique
,,11,Facility/Infrastructure Attack,Mozambique
,,11,Facility/Infrastructure Attack,Mozambique
,,11,Facility/Infrastructure Attack,Mozambique
,,10,Bombing/Explosion,Iraq
,,7,Bombing/Explosion,Kyrgyzstan
,,10,Bombing/Explosion,Iraq
,,10,Bombing/Explosion,Iraq
,,10,Armed Assault,Egypt
,,11,Assassination,Mozambique
,,10,Bombing/Explosion,Yemen
,,10,Bombing/Explosion,Iraq
,,10,Bombing/Explosion,Syria
,,10,Bombing/Explosion,Syria
,,11,Armed Assault,Mozambique
,,11,Armed Assault,Mozambique
,,10,Armed Assault,Iraq
,,10,Armed Assault,Egypt
,,9,Armed Assault,Russia
,,10,Bombing/Explosion,Iraq
,,12,Armed Assault,Australia
,,11,Bombing/Explosion,Kenya
,,10,Armed Assault,West Bank and Gaza Strip
,,10,Armed Assault,West Bank and Gaza Strip
,,10,Armed Assault,West Bank and Gaza Strip
,,11,Armed Assault,Somalia
,,9,Bombing/Explosion,Ukraine
,,10,Facility/Infrastructure Attack,Libya
,,10,Bombing/Explosion,Iraq
,,10,Armed Assault,West Bank and Gaza Strip
,,10,Bombing/Explosion,Turkey
,,10,Armed Assault,Turkey
,,10,Bombing/Explosion,Iraq
,,11,Armed Assault,Somalia
,,10,Assassination,Syria
,,10,Armed Assault,West Bank and Gaza Strip
,,9,Bombing/Explosion,Hungary
,,10,Assassination,Iraq
,,10,Bombing/Explosion,Iraq
,,10,Armed Assault,Iraq
,,11,Armed Assault,Mali
,,11,Assassination,Somalia
,,10,Bombing/Explosion,Iraq
,,10,Armed Assault,West Bank and Gaza Strip
,,10,Bombing/Explosion,Yemen
,,9,Armed Assault,Russia
,,10,Bombing/Explosion,Iraq
,,10,Bombing/Explosion,Iraq
,,10,Bombing/Explosion,Syria
,,10,Bombing/Explosion,Syria
,,10,Bombing/Explosion,Syria
,,10,Assassination,Libya
,,7,Assassination,Georgia
,,11,Assassination,Somalia
,,11,Bombing/Explosion,Nigeria
,,11,Bombing/Explosion,Nigeria
,,11,Assassination,Mozambique
,,10,Bombing/Explosion,Turkey
,,10,Bombing/Explosion,Syria
,,10,Bombing/Explosion,Iraq
,,11,Bombing/Explosion,Nigeria
,,10,Bombing/Explosion,Iraq
,,10,Bombing/Explosion,Iraq
,,10,Bombing/Explosion,Egypt
,,10,Armed Assault,Iraq
,,10,Assassination,Iraq
,,10,Bombing/Explosion,Egypt
,,10,Bombing/Explosion,Iraq
,,11,Assassination,Somalia
,,11,Bombing/Explosion,Somalia
,,10,Armed Assault,Egypt
,,10,Bombing/Explosion,Iraq
,,11,Armed Assault,Somalia
,,9,Facility/Infrastructure Attack,Russia
,,9,Assassination,Russia
,,11,Armed Assault,Somalia
,,11,Assassination,Somalia
,,10,Armed Assault,West Bank and Gaza Strip
,,10,Bombing/Explosion,Iraq
,,10,Assassination,Turkey
,,11,Assassination,Nigeria
,,11,Bombing/Explosion,Nigeria
,,6,Bombing/Explosion,Afghanistan
,,11,Bombing/Explosion,Nigeria
,,6,Bombing/Explosion,Pakistan
,,6,Bombing/Explosion,Pakistan
,,11,Bombing/Explosion,Nigeria
,,6,Armed Assault,Pakistan
,,6,Hostage Taking (Kidnapping),Afghanistan
,,6,Armed Assault,Bangladesh
,,6,Bombing/Explosion,India
,,6,Bombing/Explosion,Afghanistan
,,6,Bombing/Explosion,Pakistan
,,11,Armed Assault,Somalia
,,6,Bombing/Explosion,Afghanistan
,,6,Armed Assault,Afghanistan
,,11,Bombing/Explosion,Nigeria
,,11,Armed Assault,Somalia
,,6,Armed Assault,India
,,6,Bombing/Explosion,Afghanistan
,,6,Armed Assault,Afghanistan
,,6,Bombing/Explosion,Afghanistan
,,6,Assassination,Afghanistan
,,6,Bombing/Explosion,Afghanistan
,,6,Bombing/Explosion,Pakistan
,,6,Bombing/Explosion,Pakistan
,,11,Assassination,Somalia
,,6,Armed Assault,Pakistan
,,6,Bombing/Explosion,Nepal
,,11,Facility/Infrastructure Attack,Sudan
,,6,Armed Assault,Pakistan
,,9,Facility/Infrastructure Attack,Kosovo
,,6,Armed Assault,India
,,11,Assassination,Somalia
,,11,Bombing/Explosion,Mali
,,6,Facility/Infrastructure Attack,India
,,6,Bombing/Explosion,Afghanistan
,,11,Armed Assault,Chad
,,6,Hostage Taking (Kidnapping),India
,,6,Bombing/Explosion,India
,,7,Bombing/Explosion,Azerbaijan
,,6,Bombing/Explosion,India
,,6,Bombing/Explosion,Afghanistan
,,11,Bombing/Explosion,Nigeria
,,11,Bombing/Explosion,Somalia
,,11,Bombing/Explosion,Somalia
,,11,Bombing/Explosion,Nigeria
,,6,Bombing/Explosion,Pakistan
,,6,Armed Assault,India
,,11,Bombing/Explosion,Nigeria
,,11,Assassination,Somalia
,,6,Armed Assault,India
,,6,Hostage Taking (Barricade Incident),Afghanistan
,,11,Bombing/Explosion,Nigeria
,,11,Armed Assault,Kenya
,,6,Bombing/Explosion,Afghanistan
,,11,Armed Assault,Somalia
,,11,Assassination,Somalia
,,6,Bombing/Explosion,India
,,3,Bombing/Explosion,Colombia
,,4,Bombing/Explosion,China
,,11,Assassination,Somalia
,,11,Armed Assault,Somalia
,,6,Assassination,Bangladesh
,,11,Assassination,Burundi
,,11,Bombing/Explosion,Somalia
,,11,Bombing/Explosion,Somalia
,,6,Armed Assault,Pakistan
,,11,Bombing/Explosion,Somalia
,,6,Assassination,Afghanistan
,,6,Armed Assault,Pakistan
,,11,Bombing/Explosion,Nigeria
,,6,Bombing/Explosion,Afghanistan
,,11,Bombing/Explosion,Cameroon
,,11,Bombing/Explosion,Cameroon
,,6,Hostage Taking (Kidnapping),Pakistan
,,11,Armed Assault,Somalia
,,11,Unarmed Assault,Sudan
,,6,Armed Assault,Pakistan
,,4,Bombing/Explosion,China
,,4,Bombing/Explosion,China
,,6,Bombing/Explosion,Pakistan
,,6,Bombing/Explosion,Afghanistan
,,6,Bombing/Explosion,India
,,6,Hostage Taking (Kidnapping),India
,,11,Assassination,Somalia
,,11,Armed Assault,Somalia
,,11,Assassination,Somalia
,,6,Unarmed Assault,Bangladesh
,,6,Bombing/Explosion,India
,,11,Armed Assault,Democratic Republic of the Congo
,,11,Bombing/Explosion,Nigeria
,,11,Bombing/Explosion,Cameroon
,,6,Armed Assault,India
,,6,Armed Assault,India
,,6,Armed Assault,Afghanistan
,,6,Armed Assault,India
,,6,Bombing/Explosion,Afghanistan
,,6,Bombing/Explosion,Afghanistan
,,6,Bombing/Explosion,Pakistan
,,11,Assassination,Somalia
,,6,Hostage Taking (Kidnapping),India
,,4,Armed Assault,China
,,6,Bombing/Explosion,Pakistan
,,6,Bombing/Explosion,Pakistan
,,11,Assassination,Somalia
,,6,Bombing/Explosion,Pakistan
,,6,Armed Assault,India
,,11,Assassination,Somalia
,,6,Bombing/Explosion,Pakistan
,,6,Assassination,Afghanistan
,,11,Bombing/Explosion,Cameroon
,,6,Bombing/Explosion,Afghanistan
,,11,Assassination,Somalia
,,11,Bombing/Explosion,Somalia
,,6,Bombing/Explosion,Afghanistan
,,9,Facility/Infrastructure Attack,Ukraine
,,11,Assassination,Somalia
,,11,Assassination,Somalia
,,11,Armed Assault,Central African Republic
,,11,Bombing/Explosion,Ethiopia
,,6,Bombing/Explosion,India
,,6,Bombing/Explosion,India
,,6,Bombing/Explosion,India
,,11,Bombing/Explosion,Somalia
,,11,Assassination,Somalia
,,6,Bombing/Explosion,India
,,6,Bombing/Explosion,India
,,9,Facility/Infrastructure Attack,Macedonia
,,11,Armed Assault,Somalia
,,6,Bombing/Explosion,India
,,6,Armed Assault,Afghanistan
,,6,Bombing/Explosion,Afghanistan
,,6,Bombing/Explosion,India
,,11,Bombing/Explosion,Nigeria
,,6,Facility/Infrastructure Attack,Nepal
,,11,Bombing/Explosion,Somalia
,,6,Assassination,India
,,10,Bombing/Explosion,Syria
,,9,Assassination,Kosovo
,,6,Armed Assault,India
,,10,Bombing/Explosion,Syria
,,11,Bombing/Explosion,Nigeria
,,6,Facility/Infrastructure Attack,India
,,10,Bombing/Explosion,Iraq
,,6,Bombing/Explosion,Bangladesh
,,6,Bombing/Explosion,Pakistan
,,10,Assassination,Iraq
,,6,Bombing/Explosion,Afghanistan
,,11,Bombing/Explosion,Nigeria
,,10,Bombing/Explosion,Iraq
,,10,Bombing/Explosion,West Bank and Gaza Strip
,,6,Bombing/Explosion,Afghanistan
,,10,Armed Assault,Turkey
,,11,Armed Assault,Somalia
,,10,Armed Assault,Turkey
,,10,Armed Assault,West Bank and Gaza Strip
,,6,Bombing/Explosion,Bangladesh
,,9,Armed Assault,Russia
,,6,Unarmed Assault,India
,,10,Armed Assault,Egypt
,,6,Assassination,India
,,10,Bombing/Explosion,Iraq
,,10,Assassination,Iraq
,,10,Armed Assault,West Bank and Gaza Strip
,,10,Bombing/Explosion,Iraq
,,10,Armed Assault,West Bank and Gaza Strip
,,10,Bombing/Explosion,Iraq
,,6,Assassination,Pakistan
,,11,Hijacking,Kenya
,,6,Bombing/Explosion,Pakistan
,,11,Facility/Infrastructure Attack,Cameroon
,,10,Bombing/Explosion,Iraq
,,6,Armed Assault,India
,,10,Armed Assault,West Bank and Gaza Strip
,,10,Armed Assault,Libya
,,11,Bombing/Explosion,Nigeria
,,10,Bombing/Explosion,Iraq
,,10,Armed Assault,West Bank and Gaza Strip
,,11,Facility/Infrastructure Attack,Kenya
,,9,Bombing/Explosion,Russia
,,11,Armed Assault,Somalia
,,6,Bombing/Explosion,Afghanistan
,,6,Facility/Infrastructure Attack,India
,,10,Bombing/Explosion,Iraq
,,6,Bombing/Explosion,Pakistan
,,10,Bombing/Explosion,Iraq
,,6,Assassination,Pakistan
,,10,Bombing/Explosion,Iraq
,,10,Bombing/Explosion,Iraq
,,6,Hostage Taking (Barricade Incident),India
,,11,Bombing/Explosion,Nigeria
,,10,Bombing/Explosion,Iraq
,,10,Bombing/Explosion,Egypt
,,10,Bombing/Explosion,Egypt
,,6,Hostage Taking (Kidnapping),India
,,6,Bombing/Explosion,Pakistan
,,11,Bombing/Explosion,Somalia
,,6,Bombing/Explosion,Afghanistan
,,10,Bombing/Explosion,Iraq
,,6,Bombing/Explosion,Afghanistan
,,11,Assassination,Somalia
,,11,Armed Assault,Somalia
,,11,Bombing/Explosion,Somalia
,,10,Bombing/Explosion,Iraq
,,6,Bombing/Explosion,Pakistan
,,6,Armed Assault,Pakistan
,,6,Bombing/Explosion,Afghanistan
,,6,Bombing/Explosion,Afghanistan
,,10,Bombing/Explosion,Iraq
,,11,Assassination,Somalia
,,6,Armed Assault,Pakistan
,,10,Armed Assault,Israel
,,10,Bombing/Explosion,Algeria
,,11,Bombing/Explosion,Nigeria
,,6,Armed Assault,India
,,6,Bombing/Explosion,Afghanistan
,,6,Assassination,India
,,10,Armed Assault,West Bank and Gaza Strip
,,10,Armed Assault,West Bank and Gaza Strip
,,6,Armed Assault,India
,,11,Bombing/Explosion,Nigeria
,,11,Assassination,Somalia
,,10,Bombing/Explosion,Iraq
,,6,Armed Assault,India
,,6,Facility/Infrastructure Attack,India
,,6,Bombing/Explosion,Afghanistan
,,6,Bombing/Explosion,Afghanistan
,,6,Facility/Infrastructure Attack,India
,,11,Armed Assault,Somalia
,,10,Bombing/Explosion,Iraq
,,6,Assassination,Nepal
,,6,Bombing/Explosion,Afghanistan
,,10,Bombing/Explosion,Iraq
,,6,Armed Assault,India
,,6,Bombing/Explosion,India
,,11,Assassination,Somalia
,,10,Bombing/Explosion,Iraq
,,11,Assassination,Somalia
,,9,Facility/Infrastructure Attack,Ukraine
,,6,Assassination,Pakistan
,,11,Bombing/Explosion,Somalia
,,11,Hostage Taking (Barricade Incident),Central African Republic
,,11,Hostage Taking (Kidnapping),Nigeria
,,6,Bombing/Explosion,India
,,6,Bombing/Explosion,Afghanistan
,,10,Armed Assault,Yemen
,,10,Bombing/Explosion,Iraq
,,10,Bombing/Explosion,Iraq
,,10,Bombing/Explosion,Iraq
,,6,Bombing/Explosion,Afghanistan
,,11,Hostage Taking (Kidnapping),Mali
,,10,Bombing/Explosion,Iraq
,,6,Armed Assault,Afghanistan
,,6,Bombing/Explosion,Afghanistan
,,11,Bombing/Explosion,Nigeria
,,6,Armed Assault,Pakistan
,,10,Bombing/Explosion,Iraq
,,6,Bombing/Explosion,India
,,6,Facility/Infrastructure Attack,Sri Lanka
,,11,Bombing/Explosion,Somalia
,,11,Bombing/Explosion,Cameroon
,,11,Assassination,Somalia
,,6,Facility/Infrastructure Attack,Sri Lanka
,,6,Bombing/Explosion,India
,,11,Assassination,Somalia
,,10,Armed Assault,Egypt
,,6,Bombing/Explosion,India
,,6,Armed Assault,India
,,10,Bombing/Explosion,Iraq
,,6,Assassination,Pakistan
,,6,Armed Assault,India
,,11,Assassination,Somalia
,,11,Facility/Infrastructure Attack,Nigeria
,,6,Bombing/Explosion,Afghanistan
,,11,Assassination,Somalia
,,9,Unarmed Assault,Russia
,,10,Bombing/Explosion,Yemen
,,10,Armed Assault,West Bank and Gaza Strip
,,11,Assassination,Somalia
,,6,Hostage Taking (Kidnapping),Pakistan
,,10,Bombing/Explosion,Iraq
,,10,Bombing/Explosion,Iraq
,,6,Armed Assault,India
,,10,Bombing/Explosion,Iraq
,,6,Bombing/Explosion,Afghanistan
,,6,Facility/Infrastructure Attack,Sri Lanka
,,6,Facility/Infrastructure Attack,Sri Lanka
,,10,Bombing/Explosion,Iraq
,,10,Hostage Taking (Barricade Incident),Iran
,,10,Bombing/Explosion,Iran
,,11,Hostage Taking (Kidnapping),Somalia
,,11,Bombing/Explosion,Nigeria
,,10,Bombing/Explosion,Iraq
,,10,Bombing/Explosion,Iraq
,,10,Bombing/Explosion,Iraq
,,11,Armed Assault,Nigeria
,,11,Bombing/Explosion,Cameroon
,,11,Armed Assault,Somalia
,,6,Assassination,Pakistan
,,11,Assassination,Somalia
,,6,Armed Assault,Pakistan
,,10,Armed Assault,Egypt
,,10,Armed Assault,Egypt
,,10,Bombing/Explosion,Turkey
,,11,Hostage Taking (Barricade Incident),Somalia
,,1,Assassination,United States
,,6,Hostage Taking (Kidnapping),Bangladesh
,,6,Bombing/Explosion,Afghanistan
,,4,Bombing/Explosion,China
,,10,Bombing/Explosion,Iraq
,,10,Bombing/Explosion,Iraq
,,10,Armed Assault,West Bank and Gaza Strip
,,11,Hostage Taking (Barricade Incident),Gabon
,,11,Hostage Taking (Barricade Incident),Gabon
,,10,Armed Assault,West Bank and Gaza Strip
,,10,Assassination,Syria
,,3,Bombing/Explosion,Colombia
,,10,Armed Assault,West Bank and Gaza Strip
,,6,Facility/Infrastructure Attack,India
,,10,Bombing/Explosion,Iraq
,,10,Bombing/Explosion,Iraq
,,11,Armed Assault,Somalia
,,6,Bombing/Explosion,Afghanistan
,,10,Bombing/Explosion,Libya
,,11,Armed Assault,Somalia
,,6,Facility/Infrastructure Attack,India
,,11,Bombing/Explosion,Somalia
,,10,Bombing/Explosion,Iraq
,,10,Armed Assault,West Bank and Gaza Strip
,,6,Bombing/Explosion,Afghanistan
,,6,Assassination,Nepal
,,10,Bombing/Explosion,Iraq
,,10,Bombing/Explosion,Syria
,,11,Assassination,Somalia
,,1,Armed Assault,United States
,,10,Bombing/Explosion,Iraq
,,10,Bombing/Explosion,Iraq
,,6,Bombing/Explosion,Pakistan
,,6,Armed Assault,Pakistan
,,10,Bombing/Explosion,Turkey
,,10,Bombing/Explosion,Iraq
,,10,Bombing/Explosion,Iraq
,,10,Bombing/Explosion,Iraq
,,10,Bombing/Explosion,Iraq
,,3,Armed Assault,Venezuela
,,10,Bombing/Explosion,Iraq
,,11,Bombing/Explosion,Niger
,,10,Armed Assault,Iraq
,,11,Bombing/Explosion,Nigeria
,,10,Bombing/Explosion,Iraq
,,10,Armed Assault,Iraq
,,10,Armed Assault,Yemen
,,6,Armed Assault,Pakistan
,,6,Hostage Taking (Barricade Incident),India
,,10,Bombing/Explosion,Iraq
,,11,Hostage Taking (Barricade Incident),Nigeria
,,11,Assassination,Somalia
,,3,Bombing/Explosion,Colombia
,,10,Armed Assault,West Bank and Gaza Strip
,,10,Bombing/Explosion,Turkey
,,1,Armed Assault,United States
,,6,Assassination,Pakistan
,,10,Bombing/Explosion,Iraq
,,10,Bombing/Explosion,Syria
,,10,Armed Assault,Iraq
,,10,Armed Assault,Iraq
,,10,Armed Assault,Iraq
,,10,Bombing/Explosion,Iraq
,,6,Bombing/Explosion,Pakistan
,,10,Bombing/Explosion,Libya
,,11,Armed Assault,Somalia
,,10,Armed Assault,West Bank and Gaza Strip
,,11,Bombing/Explosion,Nigeria
,,11,Bombing/Explosion,Nigeria
,,11,Bombing/Explosion,Nigeria
,,11,Bombing/Explosion,Nigeria
,,10,Bombing/Explosion,Iraq
,,10,Armed Assault,Yemen
,,6,Facility/Infrastructure Attack,India
,,10,Armed Assault,Egypt
,,10,Armed Assault,Egypt
,,10,Armed Assault,West Bank and Gaza Strip
,,10,Armed Assault,Egypt
,,6,Bombing/Explosion,India
,,12,Bombing/Explosion,Australia
,,10,Bombing/Explosion,Iraq
,,6,Bombing/Explosion,Pakistan
,,11,Bombing/Explosion,Nigeria
,,6,Armed Assault,Pakistan
,,10,Bombing/Explosion,Iraq
,,6,Bombing/Explosion,Afghanistan
,,6,Bombing/Explosion,Afghanistan
,,6,Bombing/Explosion,Afghanistan
,,6,Bombing/Explosion,Bangladesh
,,6,Armed Assault,Pakistan
,,10,Armed Assault,West Bank and Gaza Strip
,,6,Bombing/Explosion,Pakistan
,,10,Armed Assault,Israel
,,10,Bombing/Explosion,Egypt
,,11,Hostage Taking (Kidnapping),Burkina Faso
,,11,Hostage Taking (Kidnapping),Burkina Faso
,,11,Hostage Taking (Kidnapping),Burkina Faso
,,10,Bombing/Explosion,Iraq
,,10,Bombing/Explosion,Egypt
,,10,Bombing/Explosion,Iraq
,,10,Bombing/Explosion,Iraq
,,10,Bombing/Explosion,Iraq
,,10,Armed Assault,West Bank and Gaza Strip
,,6,Facility/Infrastructure Attack,India
,,6,Unarmed Assault,India
,,6,Unarmed Assault,India
,,6,Assassination,India
,,6,Bombing/Explosion,Afghanistan
,,10,Bombing/Explosion,Iraq
,,10,Armed Assault,Iraq
,,6,Bombing/Explosion,Afghanistan
,,6,Bombing/Explosion,Afghanistan
,,10,Assassination,Syria
,,6,Armed Assault,India
,,6,Hostage Taking (Kidnapping),India
,,6,Bombing/Explosion,Afghanistan
,,6,Armed Assault,India
,,6,Bombing/Explosion,Pakistan
,,3,Armed Assault,Venezuela
,,10,Armed Assault,Egypt
,,10,Bombing/Explosion,Iraq
,,1,Bombing/Explosion,United States
,,10,Armed Assault,West Bank and Gaza Strip
,,11,Bombing/Explosion,Cameroon
,,10,Bombing/Explosion,Iraq
,,10,Armed Assault,West Bank and Gaza Strip
,,6,Bombing/Explosion,Afghanistan
,,6,Armed Assault,Pakistan
,,10,Armed Assault,Lebanon
,,6,Armed Assault,Pakistan
,,10,Bombing/Explosion,Yemen
,,11,Armed Assault,Kenya
,,6,Bombing/Explosion,Afghanistan
,,10,Bombing/Explosion,Iraq
,,6,Assassination,Pakistan
,,11,Assassination,Somalia
,,10,Bombing/Explosion,Iraq
,,6,Bombing/Explosion,Pakistan
,,10,Bombing/Explosion,Iraq
,,1,Unarmed Assault,United States
,,10,Bombing/Explosion,Iraq
,,10,Armed Assault,West Bank and Gaza Strip
,,9,Armed Assault,Ukraine
,,11,Bombing/Explosion,Kenya
,,11,Bombing/Explosion,Nigeria
,,11,Bombing/Explosion,Nigeria
,,10,Bombing/Explosion,Iraq
,,6,Bombing/Explosion,Afghanistan
,,3,Armed Assault,Colombia
,,10,Bombing/Explosion,Iraq
,,10,Armed Assault,Iraq
,,6,Bombing/Explosion,Afghanistan
,,10,Armed Assault,Egypt
,,10,Bombing/Explosion,West Bank and Gaza Strip
,,6,Armed Assault,Pakistan
,,4,Armed Assault,Taiwan
,,3,Facility/Infrastructure Attack,Chile
,,9,Bombing/Explosion,Russia
,,10,Armed Assault,West Bank and Gaza Strip
,,1,Bombing/Explosion,United States
,,10,Armed Assault,Egypt
,,6,Bombing/Explosion,Pakistan
,,10,Bombing/Explosion,Iraq
,,10,Armed Assault,Israel
,,10,Bombing/Explosion,Iraq
,,11,Armed Assault,Somalia
,,6,Bombing/Explosion,Afghanistan
,,6,Bombing/Explosion,India
,,10,Bombing/Explosion,Iraq
,,6,Armed Assault,Pakistan
,,9,Armed Assault,Russia
,,6,Assassination,Afghanistan
,,10,Bombing/Explosion,Algeria
,,10,Bombing/Explosion,Iraq
,,10,Bombing/Explosion,Libya
,,6,Bombing/Explosion,Afghanistan
,,10,Bombing/Explosion,Iraq
,,6,Assassination,Pakistan
,,11,Armed Assault,Ivory Coast
,,6,Armed Assault,India
,,10,Bombing/Explosion,Iraq
,,6,Assassination,India
,,10,Bombing/Explosion,Turkey
,,11,Hostage Taking (Kidnapping),Kenya
,,6,Facility/Infrastructure Attack,India
,,6,Unarmed Assault,India
,,11,Facility/Infrastructure Attack,Kenya
,,10,Bombing/Explosion,Iraq
,,6,Armed Assault,Afghanistan
,,11,Bombing/Explosion,Somalia
,,11,Bombing/Explosion,Somalia
,,10,Bombing/Explosion,Saudi Arabia
,,6,Bombing/Explosion,Afghanistan
,,10,Bombing/Explosion,Iraq
,,10,Bombing/Explosion,Egypt
,,10,Bombing/Explosion,Iraq
,,10,Bombing/Explosion,Iraq
,,3,Bombing/Explosion,Colombia
,,11,Bombing/Explosion,Cameroon
,,11,Bombing/Explosion,Cameroon
,,10,Bombing/Explosion,West Bank and Gaza Strip
,,11,Assassination,Somalia
,,6,Armed Assault,India
,,10,Bombing/Explosion,Iraq
,,6,Bombing/Explosion,Pakistan
,,6,Hostage Taking (Barricade Incident),India
,,10,Bombing/Explosion,Syria
,,6,Assassination,Pakistan
,,6,Bombing/Explosion,Afghanistan
,,1,Armed Assault,United States
,,6,Unarmed Assault,Pakistan
,,10,Bombing/Explosion,Iraq
,,10,Armed Assault,West Bank and Gaza Strip
,,6,Bombing/Explosion,Afghanistan
,,6,Armed Assault,India
,,6,Armed Assault,India
,,6,Bombing/Explosion,Afghanistan
,,10,Armed Assault,Iraq
,,6,Bombing/Explosion,Afghanistan
,,1,Armed Assault,Canada
,,1,Unarmed Assault,Canada
,,10,Bombing/Explosion,Iraq
,,10,Bombing/Explosion,Iraq
,,1,Armed Assault,United States
,,9,Armed Assault,Russia
,,10,Bombing/Explosion,Syria
,,6,Armed Assault,India
,,11,Bombing/Explosion,Somalia
,,11,Assassination,Somalia
,,10,Bombing/Explosion,Iraq
,,10,Bombing/Explosion,Libya
,,10,Armed Assault,Israel
,,6,Bombing/Explosion,Pakistan
,,11,Armed Assault,Mozambique
,,11,Armed Assault,Mozambique
,,11,Armed Assault,Mozambique
,,10,Bombing/Explosion,Iraq
,,1,Bombing/Explosion,United States
,,6,Assassination,India
,,6,Hostage Taking (Kidnapping),India
,,11,Bombing/Explosion,Nigeria
,,6,Armed Assault,India
,,10,Armed Assault,Saudi Arabia
,,6,Hostage Taking (Kidnapping),India
,,1,Armed Assault,United States
,,6,Armed Assault,Pakistan
,,10,Bombing/Explosion,Iraq
,,11,Armed Assault,Kenya
,,10,Bombing/Explosion,Iraq
,,10,Bombing/Explosion,Syria
,,11,Bombing/Explosion,Nigeria
,,11,Bombing/Explosion,Nigeria
,,10,Armed Assault,Egypt
,,6,Unarmed Assault,India
,,11,Bombing/Explosion,Somalia
,,11,Bombing/Explosion,Somalia
,,10,Bombing/Explosion,Iraq
,,10,Armed Assault,West Bank and Gaza Strip
,,6,Assassination,India
,,6,Bombing/Explosion,Pakistan
,,10,Armed Assault,West Bank and Gaza Strip
,,9,Armed Assault,Russia
,,11,Assassination,Somalia
,,6,Bombing/Explosion,Afghanistan
,,6,Bombing/Explosion,Afghanistan
,,6,Unarmed Assault,India
,,11,Bombing/Explosion,Nigeria
,,11,Bombing/Explosion,Nigeria
,,1,Armed Assault,United States
,,10,Bombing/Explosion,Yemen
,,6,Hostage Taking (Kidnapping),India
,,10,Bombing/Explosion,Iraq
,,11,Bombing/Explosion,Somalia
,,10,Bombing/Explosion,Iraq
,,6,Armed Assault,Pakistan
,,10,Bombing/Explosion,Iraq
,,11,Bombing/Explosion,Somalia
,,11,Bombing/Explosion,Nigeria
,,11,Bombing/Explosion,Nigeria
,,6,Bombing/Explosion,Pakistan
,,6,Bombing/Explosion,Pakistan
,,10,Assassination,Iraq
,,10,Bombing/Explosion,Iraq
,,6,Bombing/Explosion,Afghanistan
,,1,Unarmed Assault,United States
,,1,Facility/Infrastructure Attack,United States
,,10,Armed Assault,Tunisia
,,9,Bombing/Explosion,Ukraine
,,10,Bombing/Explosion,Syria
,,11,Bombing/Explosion,Nigeria
,,11,Armed Assault,Somalia
,,10,Bombing/Explosion,Iraq
,,10,Bombing/Explosion,Iraq
,,11,Bombing/Explosion,Nigeria
,,10,Bombing/Explosion,Iraq
,,6,Bombing/Explosion,Afghanistan
,,11,Bombing/Explosion,Nigeria
,,11,Bombing/Explosion,Nigeria
,,11,Bombing/Explosion,Nigeria
,,1,Bombing/Explosion,United States
,,10,Bombing/Explosion,Iraq
,,6,Assassination,Pakistan
,,6,Bombing/Explosion,Afghanistan
,,6,Bombing/Explosion,Pakistan
,,10,Bombing/Explosion,Iraq
,,6,Bombing/Explosion,Afghanistan
,,6,Armed Assault,India
,,6,Bombing/Explosion,Afghanistan
,,6,Armed Assault,India
,,11,Bombing/Explosion,Nigeria
,,11,Bombing/Explosion,Nigeria
,,11,Bombing/Explosion,Nigeria
,,11,Bombing/Explosion,Nigeria
,,11,Bombing/Explosion,Nigeria
,,6,Bombing/Explosion,Afghanistan
,,10,Bombing/Explosion,Syria
,,11,Bombing/Explosion,Nigeria
,,11,Bombing/Explosion,Nigeria
,,11,Bombing/Explosion,Nigeria
,,10,Armed Assault,West Bank and Gaza Strip
,,9,Armed Assault,Russia
,,11,Bombing/Explosion,Cameroon
,,10,Bombing/Explosion,Iraq
,,10,Bombing/Explosion,Iraq
,,11,Bombing/Explosion,Nigeria
,,6,Bombing/Explosion,Afghanistan
,,10,Bombing/Explosion,Iraq
,,6,Bombing/Explosion,Afghanistan
,,10,Bombing/Explosion,Egypt
,,10,Bombing/Explosion,Iraq
,,6,Assassination,Pakistan
,,6,Facility/Infrastructure Attack,Nepal
,,10,Bombing/Explosion,Iraq
,,6,Unarmed Assault,India
,,6,Bombing/Explosion,Nepal
,,6,Bombing/Explosion,Nepal
,,6,Bombing/Explosion,Nepal
,,6,Bombing/Explosion,Nepal
,,6,Facility/Infrastructure Attack,Nepal
,,10,Bombing/Explosion,Iraq
,,11,Armed Assault,Somalia
,,6,Bombing/Explosion,Pakistan
,,11,Armed Assault,Nigeria
,,11,Bombing/Explosion,Nigeria
,,11,Bombing/Explosion,Nigeria
,,6,Bombing/Explosion,Afghanistan
,,6,Bombing/Explosion,Afghanistan
,,10,Bombing/Explosion,Iraq
,,6,Hostage Taking (Kidnapping),India
,,11,Assassination,Somalia
,,10,Armed Assault,Iraq
,,1,Armed Assault,United States
,,11,Armed Assault,Nigeria
,,6,Armed Assault,India
,,3,Bombing/Explosion,Colombia
,,10,Armed Assault,Israel
,,1,Bombing/Explosion,United States
,,11,Bombing/Explosion,Nigeria
,,6,Armed Assault,India
,,10,Armed Assault,West Bank and Gaza Strip
,,6,Facility/Infrastructure Attack,India
,,10,Armed Assault,Libya
,,11,Bombing/Explosion,Somalia
,,10,Bombing/Explosion,Iraq
,,10,Armed Assault,West Bank and Gaza Strip
,,10,Bombing/Explosion,Iraq
,,6,Bombing/Explosion,Pakistan
,,6,Bombing/Explosion,Afghanistan
,,6,Hostage Taking (Kidnapping),India
,,12,Unarmed Assault,Australia
,,6,Bombing/Explosion,Afghanistan
,,1,Armed Assault,United States
,,1,Armed Assault,United States
,,11,Armed Assault,Somalia
,,10,Armed Assault,Iraq
,,6,Bombing/Explosion,Afghanistan
,,9,Bombing/Explosion,Russia
,,6,Bombing/Explosion,Afghanistan
,,6,Bombing/Explosion,Pakistan
,,10,Bombing/Explosion,Turkey
,,9,Unarmed Assault,Russia
,,6,Hostage Taking (Kidnapping),India
,,11,Bombing/Explosion,Cameroon
,,9,Hostage Taking (Barricade Incident),Ukraine
,,6,Armed Assault,India
